-- phpMyAdmin SQL Dump
-- version 4.2.11
-- http://www.phpmyadmin.net
--
-- Client :  127.0.0.1
-- Généré le :  Lun 22 Avril 2019 à 06:38
-- Version du serveur :  5.6.21
-- Version de PHP :  5.6.3

SET SQL_MODE = "NO_AUTO_VALUE_ON_ZERO";
SET time_zone = "+00:00";


/*!40101 SET @OLD_CHARACTER_SET_CLIENT=@@CHARACTER_SET_CLIENT */;
/*!40101 SET @OLD_CHARACTER_SET_RESULTS=@@CHARACTER_SET_RESULTS */;
/*!40101 SET @OLD_COLLATION_CONNECTION=@@COLLATION_CONNECTION */;
/*!40101 SET NAMES utf8 */;

--
-- Base de données :  `ticket`
--

-- --------------------------------------------------------

--
-- Structure de la table `baocao`
--

CREATE TABLE IF NOT EXISTS `baocao` (
`id` int(11) NOT NULL,
  `idmay` int(11) NOT NULL,
  `Ngaynhap` date NOT NULL,
  `Ca` varchar(6) NOT NULL,
  `Xuat` int(15) DEFAULT NULL,
  `Startseri` varchar(15) DEFAULT NULL,
  `Endseri` varchar(15) DEFAULT NULL,
  `Nhanvien` int(20) DEFAULT NULL,
  `thoigian` time DEFAULT NULL
) ENGINE=InnoDB AUTO_INCREMENT=749 DEFAULT CHARSET=utf8;

--
-- Contenu de la table `baocao`
--

INSERT INTO `baocao` (`id`, `idmay`, `Ngaynhap`, `Ca`, `Xuat`, `Startseri`, `Endseri`, `Nhanvien`, `thoigian`) VALUES
(1, 7, '2019-03-12', 'Chieu', 4000, 'I 14688001', 'I 14692000', 25, NULL),
(2, 1, '2019-03-12', 'Chieu', 4000, 'I 14672001', 'I 14676000', 25, NULL),
(3, 44, '2019-03-12', 'Chieu', 4000, 'I 14680001', 'I 14684000', 25, NULL),
(4, 13, '2019-03-12', 'Chieu', 4000, 'I 14632001', 'I 14636000', 25, NULL),
(5, 2, '2019-03-12', 'Chieu', 4000, 'I 14712001', 'I 14716000', 25, NULL),
(6, 1, '2019-03-12', 'Chieu', 4000, 'I 14660001', 'I 14664000', 25, NULL),
(7, 1, '2019-03-12', 'Chieu', 4000, 'I 14708001', 'I 14712000', 25, NULL),
(8, 1, '2019-03-12', 'Chieu', 4000, 'I 14656001', 'I 14660000', 24, NULL),
(9, 19, '2019-03-12', 'Chieu', 4000, 'I 14664001', 'I 14668000', 25, NULL),
(10, 7, '2019-03-13', 'Sang', 4000, 'I 14716001', 'I 14720000', 26, NULL),
(11, 2, '2019-03-13', 'Chieu', 4000, 'I 14640001', 'I 14644000', 23, NULL),
(12, 1, '2019-03-13', 'Chieu', 4000, 'I 14644001', 'I 14648000', 25, NULL),
(13, 14, '2019-03-13', 'Chieu', 4000, 'I 14648001', 'I 14652000', 25, NULL),
(14, 12, '2019-03-13', 'Chieu', 4000, 'I 14684001', 'I 14688000', 25, NULL),
(15, 1, '2019-03-14', 'Chieu', 4000, 'I 14636001', 'I 14640000', 26, NULL),
(16, 2, '2019-03-14', 'Chieu', 4000, 'I 14652001', 'I 14656000', 25, NULL),
(17, 23, '2019-03-15', 'Chieu', 4000, 'I 14696001', 'I 14700000', 25, NULL),
(18, 1, '2019-03-15', 'Chieu', 4000, 'I 14692001', 'I 14696000', 26, NULL),
(19, 7, '2019-03-15', 'Chieu', 4000, 'I 14676001', 'I 14680000', 26, NULL),
(20, 18, '2019-03-15', 'Chieu', 4000, 'I 14700001', 'I 14704000', 26, NULL),
(21, 13, '2019-03-15', 'Chieu', 4000, 'I 14592001', 'I 14596000', 25, NULL),
(22, 1, '2019-03-15', 'Chieu', 4000, 'I 14600001', 'I 14604000', 24, NULL),
(23, 17, '2019-03-15', 'Chieu', 4000, 'I 14596001', 'I 14600000', 24, NULL),
(24, 2, '2019-03-15', 'Chieu', 4000, 'I 14604001', 'I 14608000', 24, NULL),
(25, 28, '2019-03-16', 'Sang', 4000, 'I 14608001', 'I 14612000', 25, NULL),
(26, 11, '2019-03-16', 'Sang', 4000, 'I 14628001', 'I 14632000', 25, NULL),
(27, 6, '2019-03-16', 'Sang', 4000, 'I 14624001', 'I 14628000', 25, NULL),
(28, 7, '2019-03-16', 'Sang', 4000, 'I 14620001', 'I 14624000', 25, NULL),
(29, 1, '2019-03-16', 'Sang', 4000, 'I 14616001', 'I 14620000', 25, NULL),
(30, 13, '2019-03-16', 'Sang', 4000, 'I 14612001', 'I 14616000', 24, NULL),
(31, 7, '2019-03-16', 'Sang', 4000, 'I 14576001', 'I 14580000', 25, NULL),
(32, 1, '2019-03-16', 'Sang', 4000, 'I 14580001', 'I 14584000', 25, NULL),
(33, 2, '2019-03-16', 'Sang', 4000, 'I 14588001', 'I 14592000', 25, NULL),
(34, 17, '2019-03-16', 'Sang', 4000, 'I 14584001', 'I 14588000', 25, NULL),
(35, 12, '2019-03-16', 'Chieu', 4000, 'I 14568001', 'I 14572000', 25, NULL),
(36, 11, '2019-03-16', 'Chieu', 4000, 'I 14572001', 'I 14576000', 25, NULL),
(37, 9, '2019-03-16', 'Chieu', 4000, 'I 14564001', 'I 14568000', 25, NULL),
(38, 36, '2019-03-16', 'Chieu', 4000, 'H 14836001', 'H 14840000', 23, NULL),
(39, 1, '2019-03-16', 'Chieu', 4000, 'H 14840001', 'H 14844000', 23, NULL),
(40, 9, '2019-03-16', 'Chieu', 4000, 'H 14800001', 'H 14804000', 23, NULL),
(41, 35, '2019-03-16', 'Chieu', 4000, 'H 14808001', 'H 14812000', 26, NULL),
(42, 20, '2019-03-16', 'Chieu', 4000, 'H 14872001', 'H 14876000', 26, NULL),
(43, 1, '2019-03-16', 'Chieu', 4000, 'H 14796001', 'H 14800000', 23, NULL),
(44, 7, '2019-03-16', 'Chieu', 4000, 'H 14868001', 'H 14872000', 26, NULL),
(45, 8, '2019-03-16', 'Chieu', 4000, 'H 14804001', 'H 14808000', 26, NULL),
(46, 5, '2019-03-16', 'Chieu', 4000, 'H 14792001', 'H 14796000', 23, NULL),
(47, 2, '2019-03-16', 'Chieu', 4000, 'H 14864001', 'H 14868000', 26, NULL),
(48, 13, '2019-03-16', 'Chieu', 4000, 'H 14844001', 'H 14848000', 23, NULL),
(49, 1, '2019-03-16', 'Chieu', 4000, 'H 14820001', 'H 14824000', 26, NULL),
(50, 7, '2019-03-16', 'Chieu', 4000, 'H 14816001', 'H 14820000', 26, NULL),
(51, 11, '2019-03-16', 'Chieu', 4000, 'I 14560001', 'I 14564000', 26, NULL),
(52, 1, '2019-03-16', 'Chieu', 4000, 'H 14824001', 'H 14828000', 23, NULL),
(53, 26, '2019-03-16', 'Chieu', 4000, 'H 14812001', 'H 14816000', 26, NULL),
(54, 12, '2019-03-16', 'Chieu', 4000, 'H 14720001', 'H 14724000', 26, NULL),
(55, 2, '2019-03-16', 'Chieu', 4000, 'H 14828001', 'H 14832000', 23, NULL),
(56, 9, '2019-03-16', 'Chieu', 4000, 'H 14832001', 'H 14836000', 23, NULL),
(57, 7, '2019-03-17', 'Sang', 4000, 'H 14848001', 'H 14852000', 25, NULL),
(58, 1, '2019-03-17', 'Sang', 4000, 'H 14852001', 'H 14856000', 25, NULL),
(59, 2, '2019-03-17', 'Sang', 4000, 'H 14856001', 'H 14860000', 25, NULL),
(60, 5, '2019-03-17', 'Sang', 4000, 'H 14860001', 'H 14864000', 25, NULL),
(61, 8, '2019-03-17', 'Sang', 4000, 'H 14728001', 'H 14732000', 25, NULL),
(62, 34, '2019-03-17', 'Sang', 4000, 'H 14724001', 'H 14728000', 25, NULL),
(63, 1, '2019-03-17', 'Sang', 4000, 'H 14732001', 'H 14736000', 25, NULL),
(64, 50, '2019-03-17', 'Sang', 4000, 'H 14744001', 'H 14748000', 26, NULL),
(65, 14, '2019-03-17', 'Sang', 4000, 'H 14752001', 'H 14756000', 26, NULL),
(66, 12, '2019-03-17', 'Sang', 4000, 'H 14748001', 'H 14752000', 26, NULL),
(67, 13, '2019-03-17', 'Chieu', 4000, 'H 14740001', 'H 14744000', 26, NULL),
(68, 14, '2019-03-17', 'Chieu', 4000, 'H 14736001', 'H 14740000', 26, NULL),
(69, 8, '2019-03-17', 'Chieu', 4000, 'H 14772001', 'H 14776000', 26, NULL),
(70, 7, '2019-03-17', 'Chieu', 4000, 'H 14760001', 'H 14764000', 26, NULL),
(71, 8, '2019-03-17', 'Chieu', 4000, 'H 14756001', 'H 14760000', 26, NULL),
(72, 28, '2019-03-17', 'Chieu', 4000, 'H 14776001', 'H 14780000', 25, NULL),
(73, 38, '2019-03-17', 'Chieu', 4000, 'H 14876001', 'H 14880000', 26, NULL),
(74, 11, '2019-03-17', 'Chieu', 4000, 'H 14764001', 'H 14768000', 26, NULL),
(75, 51, '2019-03-17', 'Chieu', 4000, 'H 14780001', 'H 14784000', 25, NULL),
(76, 2, '2019-03-17', 'Chieu', 4000, 'A 15136001', 'A 15140000', 23, NULL),
(77, 17, '2019-03-17', 'Chieu', 4000, 'A 15112001', 'A 15116000', 23, NULL),
(78, 8, '2019-03-17', 'Chieu', 4000, 'H 14768001', 'H 14772000', 23, NULL),
(79, 8, '2019-03-17', 'Chieu', 4000, 'A 15088001', 'A 15092000', 23, NULL),
(80, 9, '2019-03-17', 'Chieu', 4000, 'H 14784001', 'H 14788000', 26, NULL),
(81, 17, '2019-03-17', 'Chieu', 4000, 'A 15116001', 'A 15120000', 23, NULL),
(82, 24, '2019-03-17', 'Chieu', 4000, 'H 14788001', 'H 14792000', 26, NULL),
(83, 11, '2019-03-17', 'Chieu', 4000, 'A 15120001', 'A 15124000', 23, NULL),
(84, 2, '2019-03-17', 'Chieu', 4000, 'A 15124001', 'A 15128000', 23, NULL),
(85, 7, '2019-03-17', 'Chieu', 4000, 'A 15128001', 'A 15132000', 23, NULL),
(86, 13, '2019-03-17', 'Chieu', 4000, 'A 15132001', 'A 15136000', 24, NULL),
(87, 12, '2019-03-17', 'Chieu', 4000, 'A 15192001', 'A 15196000', 23, NULL),
(88, 30, '2019-03-17', 'Chieu', 4000, 'A 15196001', 'A 15200000', 24, NULL),
(89, 2, '2019-03-17', 'Chieu', 4000, 'A 15188001', 'A 15192000', 23, NULL),
(90, 1, '2019-03-17', 'Chieu', 4000, 'A 15184001', 'A 15188000', 23, NULL),
(91, 7, '2019-03-17', 'Chieu', 4000, 'A 15160001', 'A 15164000', 24, NULL),
(92, 11, '2019-03-17', 'Chieu', 4000, 'A 15172001', 'A 15176000', 24, NULL),
(93, 50, '2019-03-17', 'Chieu', 4000, 'A 15156001', 'A 15160000', 23, NULL),
(94, 13, '2019-03-17', 'Chieu', 4000, 'A 15064001', 'A 15068000', 23, NULL),
(95, 2, '2019-03-17', 'Chieu', 4000, 'A 15060001', 'A 15064000', 23, NULL),
(96, 1, '2019-03-17', 'Chieu', 4000, 'A 15056001', 'A 15060000', 23, NULL),
(97, 14, '2019-03-17', 'Chieu', 4000, 'A 15052001', 'A 15056000', 23, NULL),
(98, 7, '2019-03-17', 'Chieu', 4000, 'A 15048001', 'A 15052000', 23, NULL),
(99, 9, '2019-03-17', 'Chieu', 4000, 'A 15152001', 'A 15156000', 23, NULL),
(100, 2, '2019-03-19', 'Chieu', 4000, 'A 15176001', 'A 15180000', 24, NULL),
(101, 17, '2019-03-19', 'Chieu', 4000, 'A 15164001', 'A 15168000', 24, NULL),
(102, 7, '2019-03-20', 'Sang', 4000, 'A 15180001', 'A 15184000', 26, NULL),
(103, 9, '2019-03-20', 'Chieu', 4000, 'A 15148001', 'A 15152000', 24, NULL),
(104, 1, '2019-03-20', 'Chieu', 4000, 'A 15044001', 'A 15048000', 24, NULL),
(105, 36, '2019-03-20', 'Chieu', 4000, 'A 15144001', 'A 15148000', 23, NULL),
(106, 2, '2019-03-21', 'Sang', 4000, 'A 15168001', 'A 15172000', 23, NULL),
(107, 11, '2019-03-21', 'Sang', 4000, 'A 15140001', 'A 15144000', 23, NULL),
(108, 14, '2019-03-21', 'Sang', 4000, 'A 15108001', 'A 15112000', 23, NULL),
(109, 2, '2019-03-21', 'Chieu', 4000, 'A 15068001', 'A 15072000', 26, NULL),
(110, 1, '2019-03-21', 'Chieu', 4000, 'A 15072001', 'A 15076000', 26, NULL),
(111, 7, '2019-03-21', 'Chieu', 4000, 'A 15040001', 'A 15044000', 25, NULL),
(112, 51, '2019-03-21', 'Chieu', 4000, 'A 15080001', 'A 15084000', 26, NULL),
(113, 1, '2019-03-22', 'Sang', 4000, 'A 15084001', 'A 15088000', 26, NULL),
(114, 18, '2019-03-22', 'Chieu', 4000, 'A 15076001', 'A 15080000', 26, NULL),
(115, 1, '2019-03-22', 'Chieu', 4000, 'A 15104001', 'A 15108000', 25, NULL),
(116, 13, '2019-03-22', 'Chieu', 4000, 'I 14668001', 'I 14672000', 25, NULL),
(117, 32, '2019-03-22', 'Chieu', 4000, 'I 14704001', 'I 14708000', 25, NULL),
(118, 11, '2019-03-22', 'Chieu', 4000, 'A 15100001', 'A 15104000', 24, NULL),
(119, 2, '2019-03-22', 'Chieu', 4000, 'A 15096001', 'A 15100000', 25, NULL),
(120, 21, '2019-03-22', 'Chieu', 4000, 'A 15092001', 'A 15096000', 25, NULL),
(121, 7, '2019-03-23', 'Sang', 4000, 'C 15188001', 'C 15192000', 25, NULL),
(122, 32, '2019-03-23', 'Sang', 4000, 'C 15192001', 'C 15196000', 25, NULL),
(123, 8, '2019-03-23', 'Sang', 4000, 'C 15140001', 'C 15144000', 25, NULL),
(124, 23, '2019-03-23', 'Sang', 4000, 'C 15136001', 'C 15140000', 25, NULL),
(125, 1, '2019-03-23', 'Sang', 4000, 'C 15144001', 'C 15148000', 25, NULL),
(126, 17, '2019-03-23', 'Sang', 4000, 'C 15132001', 'C 15136000', 25, NULL),
(127, 7, '2019-03-23', 'Chieu', 4000, 'C 15156001', 'C 15160000', 25, NULL),
(128, 34, '2019-03-23', 'Chieu', 4000, 'C 15196001', 'C 15200000', 25, NULL),
(129, 10, '2019-03-23', 'Chieu', 4000, 'C 15160001', 'C 15164000', 25, NULL),
(130, 1, '2019-03-23', 'Chieu', 4000, 'C 15148001', 'C 15152000', 25, NULL),
(131, 2, '2019-03-23', 'Chieu', 4000, 'C 15152001', 'C 15156000', 25, NULL),
(132, 8, '2019-03-23', 'Chieu', 4000, 'C 15164001', 'C 15168000', 23, NULL),
(133, 47, '2019-03-23', 'Chieu', 4000, 'C 15168001', 'C 15172000', 23, NULL),
(134, 28, '2019-03-23', 'Chieu', 4000, 'C 15184001', 'C 15188000', 26, NULL),
(135, 8, '2019-03-23', 'Chieu', 4000, 'C 15180001', 'C 15184000', 23, NULL),
(136, 2, '2019-03-23', 'Chieu', 4000, 'C 15112001', 'C 15116000', 23, NULL),
(137, 7, '2019-03-23', 'Chieu', 4000, 'C 15120001', 'C 15124000', 23, NULL),
(138, 12, '2019-03-23', 'Chieu', 4000, 'C 15124001', 'C 15128000', 23, NULL),
(139, 2, '2019-03-23', 'Chieu', 4000, 'C 15116001', 'C 15120000', 23, NULL),
(140, 8, '2019-03-23', 'Chieu', 4000, 'C 15128001', 'C 15132000', 23, NULL),
(141, 8, '2019-03-23', 'Chieu', 4000, 'C 15060001', 'C 15064000', 23, NULL),
(142, 13, '2019-03-23', 'Chieu', 4000, 'C 15056001', 'C 15060000', 23, NULL),
(143, 1, '2019-03-23', 'Chieu', 4000, 'C 15052001', 'C 15056000', 26, NULL),
(144, 44, '2019-03-23', 'Chieu', 4000, 'C 15076001', 'C 15080000', 23, NULL),
(145, 1, '2019-03-23', 'Chieu', 4000, 'C 15108001', 'C 15112000', 26, NULL),
(146, 12, '2019-03-23', 'Chieu', 4000, 'C 15040001', 'C 15044000', 26, NULL),
(147, 7, '2019-03-23', 'Chieu', 4000, 'C 15044001', 'C 15048000', 23, NULL),
(148, 1, '2019-03-23', 'Chieu', 4000, 'C 15048001', 'C 15052000', 23, NULL),
(149, 2, '2019-03-23', 'Chieu', 4000, 'C 15104001', 'C 15108000', 23, NULL),
(150, 14, '2019-03-23', 'Chieu', 4000, 'C 15088001', 'C 15092000', 26, NULL),
(151, 11, '2019-03-23', 'Chieu', 4000, 'C 15092001', 'C 15096000', 23, NULL),
(152, 8, '2019-03-23', 'Chieu', 4000, 'C 15096001', 'C 15100000', 23, NULL),
(153, 10, '2019-03-23', 'Chieu', 4000, 'C 15084001', 'C 15088000', 23, NULL),
(154, 2, '2019-03-23', 'Chieu', 4000, 'C 15172001', 'C 15176000', 23, NULL),
(155, 7, '2019-03-24', 'Sang', 4000, 'C 15080001', 'C 15084000', 25, NULL),
(156, 11, '2019-03-24', 'Sang', 4000, 'C 15068001', 'C 15072000', 25, NULL),
(157, 17, '2019-03-24', 'Sang', 4000, 'C 15064001', 'C 15068000', 25, NULL),
(158, 23, '2019-03-24', 'Sang', 4000, 'C 15100001', 'C 15104000', 25, NULL),
(159, 13, '2019-03-24', 'Sang', 4000, 'E 14864001', 'E 14868000', 25, NULL),
(160, 35, '2019-03-24', 'Sang', 4000, 'E 14820001', 'E 14824000', 25, NULL),
(161, 2, '2019-03-24', 'Sang', 4000, 'E 14824001', 'E 14828000', 25, NULL),
(162, 17, '2019-03-24', 'Sang', 4000, 'E 14828001', 'E 14832000', 26, NULL),
(163, 5, '2019-03-24', 'Sang', 4000, 'E 14868001', 'E 14872000', 26, NULL),
(164, 8, '2019-03-24', 'Sang', 4000, 'E 14876001', 'E 14880000', 26, NULL),
(165, 7, '2019-03-24', 'Sang', 4000, 'E 14872001', 'E 14876000', 26, NULL),
(166, 1, '2019-03-24', 'Sang', 4000, 'E 14832001', 'E 14836000', 26, NULL),
(167, 20, '2019-03-24', 'Sang', 4000, 'E 14836001', 'E 14840000', 26, NULL),
(168, 12, '2019-03-24', 'Sang', 4000, 'E 14840001', 'E 14844000', 26, NULL),
(169, 10, '2019-03-24', 'Sang', 4000, 'E 14844001', 'E 14848000', 25, NULL),
(170, 13, '2019-03-24', 'Sang', 4000, 'E 14816001', 'E 14820000', 25, NULL),
(171, 2, '2019-03-24', 'Sang', 4000, 'E 14812001', 'E 14816000', 26, NULL),
(172, 2, '2019-03-24', 'Sang', 4000, 'C 15072001', 'C 15076000', 25, NULL),
(173, 1, '2019-03-24', 'Sang', 4000, 'C 15176001', 'C 15180000', 25, NULL),
(174, 1, '2019-03-24', 'Sang', 4000, 'E 14808001', 'E 14812000', 25, NULL),
(175, 36, '2019-03-24', 'Sang', 4000, 'E 14804001', 'E 14808000', 25, NULL),
(176, 14, '2019-03-24', 'Chieu', 4000, 'E 14800001', 'E 14804000', 26, NULL),
(177, 7, '2019-03-24', 'Chieu', 4000, 'E 14796001', 'E 14800000', 25, NULL),
(178, 13, '2019-03-24', 'Chieu', 4000, 'E 14792001', 'E 14796000', 24, NULL),
(179, 1, '2019-03-24', 'Chieu', 4000, 'E 14852001', 'E 14856000', 26, NULL),
(180, 42, '2019-03-24', 'Chieu', 4000, 'E 14848001', 'E 14852000', 26, NULL),
(181, 2, '2019-03-24', 'Chieu', 4000, 'E 14740001', 'E 14744000', 26, NULL),
(182, 12, '2019-03-24', 'Chieu', 4000, 'E 14856001', 'E 14860000', 25, NULL),
(183, 10, '2019-03-24', 'Chieu', 4000, 'E 14732001', 'E 14736000', 23, NULL),
(184, 28, '2019-03-24', 'Chieu', 4000, 'E 14736001', 'E 14740000', 25, NULL),
(185, 1, '2019-03-24', 'Chieu', 4000, 'E 14728001', 'E 14732000', 23, NULL),
(186, 2, '2019-03-24', 'Chieu', 4000, 'E 14724001', 'E 14728000', 23, NULL),
(187, 17, '2019-03-24', 'Chieu', 4000, 'E 14748001', 'E 14752000', 23, NULL),
(188, 17, '2019-03-24', 'Chieu', 4000, 'E 14720001', 'E 14724000', 23, NULL),
(189, 7, '2019-03-24', 'Chieu', 4000, 'E 14860001', 'E 14864000', 23, NULL),
(190, 9, '2019-03-24', 'Chieu', 4000, 'E 14760001', 'E 14764000', 24, NULL),
(191, 8, '2019-03-24', 'Chieu', 4000, 'E 14776001', 'E 14780000', 23, NULL),
(192, 5, '2019-03-24', 'Chieu', 4000, 'E 14764001', 'E 14768000', 23, NULL),
(193, 40, '2019-03-24', 'Chieu', 4000, 'E 14768001', 'E 14772000', 24, NULL),
(194, 2, '2019-03-24', 'Chieu', 4000, 'E 14780001', 'E 14784000', 24, NULL),
(195, 1, '2019-03-24', 'Chieu', 4000, 'E 14784001', 'E 14788000', 24, NULL),
(196, 8, '2019-03-24', 'Chieu', 4000, 'E 14772001', 'E 14776000', 23, NULL),
(197, 7, '2019-03-24', 'Chieu', 4000, 'E 14788001', 'E 14792000', 23, NULL),
(198, 37, '2019-03-24', 'Chieu', 4000, 'E 14756001', 'E 14760000', 23, NULL),
(199, 18, '2019-03-24', 'Chieu', 4000, 'E 14752001', 'E 14756000', 23, NULL),
(200, 2, '2019-03-24', 'Chieu', 4000, 'E 14744001', 'E 14748000', 23, NULL),
(201, 13, '2019-03-24', 'Chieu', 4000, 'I 13868001', 'I 13872000', 24, NULL),
(202, 11, '2019-03-24', 'Chieu', 4000, 'I 13864001', 'I 13868000', 23, NULL),
(203, 11, '2019-03-24', 'Chieu', 4000, 'I 13884001', 'I 13888000', 23, NULL),
(204, 1, '2019-03-24', 'Chieu', 4000, 'I 13880001', 'I 13884000', 23, NULL),
(205, 8, '2019-03-24', 'Chieu', 4000, 'I 13876001', 'I 13880000', 23, NULL),
(206, 34, '2019-03-24', 'Chieu', 4000, 'I 13888001', 'I 13892000', 23, NULL),
(207, 2, '2019-03-24', 'Chieu', 4000, 'I 13856001', 'I 13860000', 24, NULL),
(208, 26, '2019-03-24', 'Chieu', 4000, 'I 13852001', 'I 13856000', 24, NULL),
(209, 1, '2019-03-26', 'Chieu', 4000, 'I 13848001', 'I 13852000', 23, NULL),
(210, 13, '2019-03-26', 'Chieu', 4000, 'I 13844001', 'I 13848000', 23, NULL),
(211, 17, '2019-03-26', 'Chieu', 4000, 'I 13896001', 'I 13900000', 23, NULL),
(212, 2, '2019-03-27', 'Sang', 4000, 'I 13892001', 'I 13896000', 23, NULL),
(213, 7, '2019-03-27', 'Chieu', 4000, 'I 13900001', 'I 13904000', 23, NULL),
(214, 9, '2019-03-27', 'Chieu', 4000, 'I 13860001', 'I 13864000', 24, NULL),
(215, 50, '2019-03-27', 'Chieu', 4000, 'I 13904001', 'I 13908000', 25, NULL),
(216, 12, '2019-03-27', 'Chieu', 4000, 'I 13872001', 'I 13876000', 25, NULL),
(217, 1, '2019-03-27', 'Chieu', 4000, 'I 13908001', 'I 13912000', 25, NULL),
(218, 51, '2019-03-28', 'Chieu', 4000, 'I 13912001', 'I 13916000', 23, NULL),
(219, 14, '2019-03-28', 'Chieu', 4000, 'I 13812001', 'I 13816000', 23, NULL),
(220, 21, '2019-03-29', 'Sang', 4000, 'I 13816001', 'I 13820000', 26, NULL),
(221, 7, '2019-03-29', 'Chieu', 4000, 'I 13820001', 'I 13824000', 24, NULL),
(222, 1, '2019-03-29', 'Chieu', 4000, 'I 13800001', 'I 13804000', 24, NULL),
(223, 2, '2019-03-29', 'Chieu', 4000, 'I 13804001', 'I 13808000', 24, NULL),
(224, 9, '2019-03-29', 'Chieu', 4000, 'I 13808001', 'I 13812000', 25, NULL),
(225, 50, '2019-03-29', 'Chieu', 4000, 'I 13832001', 'I 13836000', 25, NULL),
(226, 1, '2019-03-30', 'Sang', 4000, 'I 13840001', 'I 13844000', 23, NULL),
(227, 2, '2019-03-30', 'Sang', 4000, 'I 13836001', 'I 13840000', 23, NULL),
(228, 7, '2019-03-30', 'Sang', 4000, 'I 13760001', 'I 13764000', 23, NULL),
(229, 8, '2019-03-30', 'Sang', 4000, 'I 13768001', 'I 13772000', 25, NULL),
(230, 1, '2019-03-30', 'Sang', 4000, 'I 13772001', 'I 13776000', 25, NULL),
(231, 12, '2019-03-30', 'Sang', 4000, 'I 13776001', 'I 13780000', 23, NULL),
(232, 7, '2019-03-30', 'Sang', 4000, 'I 13764001', 'I 13768000', 23, NULL),
(233, 36, '2019-03-30', 'Sang', 4000, 'I 13780001', 'I 13784000', 25, NULL),
(234, 1, '2019-03-30', 'Sang', 4000, 'I 13784001', 'I 13788000', 23, NULL),
(235, 2, '2019-03-30', 'Sang', 4000, 'I 13788001', 'I 13792000', 25, NULL),
(236, 7, '2019-03-30', 'Chieu', 4000, 'I 13792001', 'I 13796000', 23, NULL),
(237, 2, '2019-03-30', 'Chieu', 4000, 'I 13828001', 'I 13832000', 26, NULL),
(238, 1, '2019-03-30', 'Chieu', 4000, 'I 13796001', 'I 13800000', 24, NULL),
(239, 17, '2019-03-30', 'Chieu', 4000, 'F 13764001', 'F 13768000', 26, NULL),
(240, 9, '2019-03-30', 'Chieu', 4000, 'F 13776001', 'F 13780000', 26, NULL),
(241, 11, '2019-03-30', 'Chieu', 4000, 'F 13780001', 'F 13784000', 26, NULL),
(242, 13, '2019-03-30', 'Chieu', 4000, 'F 13796001', 'F 13800000', 26, NULL),
(243, 17, '2019-03-30', 'Chieu', 4000, 'F 13800001', 'F 13804000', 26, NULL),
(244, 39, '2019-03-30', 'Chieu', 4000, 'F 13804001', 'F 13808000', 26, NULL),
(245, 7, '2019-03-30', 'Chieu', 4000, 'F 13760001', 'F 13764000', 26, NULL),
(246, 1, '2019-03-30', 'Chieu', 4000, 'F 13792001', 'F 13796000', 24, NULL),
(247, 11, '2019-03-30', 'Chieu', 4000, 'F 13768001', 'F 13772000', 24, NULL),
(248, 2, '2019-03-30', 'Chieu', 4000, 'F 13788001', 'F 13792000', 26, NULL),
(249, 7, '2019-03-30', 'Chieu', 4000, 'F 13772001', 'F 13776000', 24, NULL),
(250, 34, '2019-03-30', 'Chieu', 4000, 'F 13784001', 'F 13788000', 24, NULL),
(251, 1, '2019-03-30', 'Chieu', 4000, 'I 13824001', 'I 13828000', 26, NULL),
(252, 28, '2019-03-30', 'Chieu', 4000, 'F 13828001', 'F 13832000', 26, NULL),
(253, 7, '2019-03-30', 'Chieu', 4000, 'F 13816001', 'F 13820000', 26, NULL),
(254, 17, '2019-03-30', 'Chieu', 4000, 'F 13812001', 'F 13816000', 26, NULL),
(255, 12, '2019-03-30', 'Chieu', 4000, 'F 13808001', 'F 13812000', 26, NULL),
(256, 13, '2019-03-30', 'Chieu', 4000, 'F 13820001', 'F 13824000', 24, NULL),
(257, 9, '2019-03-30', 'Chieu', 4000, 'F 13876001', 'F 13880000', 24, NULL),
(258, 2, '2019-03-31', 'Sang', 4000, 'F 13880001', 'F 13884000', 26, NULL),
(259, 1, '2019-03-31', 'Sang', 4000, 'F 13892001', 'F 13896000', 26, NULL),
(260, 7, '2019-03-31', 'Sang', 4000, 'F 13888001', 'F 13892000', 26, NULL),
(261, 1, '2019-03-31', 'Sang', 4000, 'F 13884001', 'F 13888000', 26, NULL),
(262, 6, '2019-03-31', 'Sang', 4000, 'F 13900001', 'F 13904000', 25, NULL),
(263, 8, '2019-03-31', 'Sang', 4000, 'F 13896001', 'F 13900000', 25, NULL),
(264, 2, '2019-03-31', 'Sang', 4000, 'F 13852001', 'F 13856000', 25, NULL),
(265, 9, '2019-03-31', 'Sang', 4000, 'F 13856001', 'F 13860000', 26, NULL),
(266, 6, '2019-03-31', 'Sang', 4000, 'F 13860001', 'F 13864000', 26, NULL),
(267, 42, '2019-03-31', 'Sang', 4000, 'F 13848001', 'F 13852000', 26, NULL),
(268, 8, '2019-03-31', 'Sang', 4000, 'F 13864001', 'F 13868000', 26, NULL),
(269, 7, '2019-03-31', 'Sang', 4000, 'F 13868001', 'F 13872000', 26, NULL),
(270, 18, '2019-03-31', 'Sang', 4000, 'F 13844001', 'F 13848000', 26, NULL),
(271, 13, '2019-03-31', 'Sang', 4000, 'F 13908001', 'F 13912000', 26, NULL),
(272, 9, '2019-03-31', 'Sang', 4000, 'F 13904001', 'F 13908000', 26, NULL),
(273, 1, '2019-03-31', 'Sang', 4000, 'F 13916001', 'F 13920000', 26, NULL),
(274, 51, '2019-03-31', 'Sang', 4000, 'I 13916001', 'I 13920000', 26, NULL),
(275, 19, '2019-03-31', 'Sang', 4000, 'F 13836001', 'F 13840000', 25, NULL),
(276, 13, '2019-03-31', 'Chieu', 4000, 'F 13872001', 'F 13876000', 25, NULL),
(277, 2, '2019-03-31', 'Chieu', 4000, 'F 13840001', 'F 13844000', 26, NULL),
(278, 12, '2019-03-31', 'Chieu', 4000, 'C 13268001', 'C 13272000', 26, NULL),
(279, 11, '2019-03-31', 'Chieu', 4000, 'F 13832001', 'F 13836000', 26, NULL),
(280, 36, '2019-03-31', 'Chieu', 4000, 'C 13272001', 'C 13276000', 26, NULL),
(281, 17, '2019-03-31', 'Chieu', 4000, 'F 13912001', 'F 13916000', 26, NULL),
(282, 1, '2019-03-31', 'Chieu', 4000, 'C 13276001', 'C 13280000', 26, NULL),
(283, 7, '2019-03-31', 'Chieu', 4000, 'C 13264001', 'C 13268000', 26, NULL),
(284, 42, '2019-03-31', 'Chieu', 4000, 'C 13240001', 'C 13244000', 26, NULL),
(285, 17, '2019-03-31', 'Chieu', 4000, 'C 13236001', 'C 13240000', 23, NULL),
(286, 8, '2019-03-31', 'Chieu', 4000, 'C 13232001', 'C 13236000', 26, NULL),
(287, 25, '2019-03-31', 'Chieu', 4000, 'C 13228001', 'C 13232000', 25, NULL),
(288, 7, '2019-03-31', 'Chieu', 4000, 'C 13224001', 'C 13228000', 23, NULL),
(289, 20, '2019-03-31', 'Chieu', 4000, 'C 13220001', 'C 13224000', 23, NULL),
(290, 2, '2019-03-31', 'Chieu', 4000, 'C 13216001', 'C 13220000', 23, NULL),
(291, 2, '2019-03-31', 'Chieu', 4000, 'C 13212001', 'C 13216000', 24, NULL),
(292, 17, '2019-03-31', 'Chieu', 4000, 'C 13260001', 'C 13264000', 23, NULL),
(293, 7, '2019-03-31', 'Chieu', 4000, 'C 13160001', 'C 13164000', 23, NULL),
(294, 8, '2019-03-31', 'Chieu', 4000, 'C 13156001', 'C 13160000', 23, NULL),
(295, 17, '2019-03-31', 'Chieu', 4000, 'C 13164001', 'C 13168000', 24, NULL),
(296, 13, '2019-03-31', 'Chieu', 4000, 'C 13168001', 'C 13172000', 23, NULL),
(297, 37, '2019-03-31', 'Chieu', 4000, 'C 13196001', 'C 13200000', 23, NULL),
(298, 7, '2019-03-31', 'Chieu', 4000, 'C 13200001', 'C 13204000', 23, NULL),
(299, 2, '2019-03-31', 'Chieu', 4000, 'C 13204001', 'C 13208000', 23, NULL),
(300, 2, '2019-03-31', 'Chieu', 4000, 'C 13256001', 'C 13260000', 23, NULL),
(301, 26, '2019-03-31', 'Chieu', 4000, 'C 13252001', 'C 13256000', 24, NULL),
(302, 9, '2019-03-31', 'Chieu', 4000, 'C 13184001', 'C 13188000', 24, NULL),
(303, 12, '2019-03-31', 'Chieu', 4000, 'C 13180001', 'C 13184000', 24, NULL),
(304, 11, '2019-03-31', 'Chieu', 4000, 'C 13176001', 'C 13180000', 24, NULL),
(305, 13, '2019-03-31', 'Chieu', 4000, 'C 13248001', 'C 13252000', 24, NULL),
(306, 9, '2019-03-31', 'Chieu', 4000, 'C 13172001', 'C 13176000', 24, NULL),
(307, 7, '2019-03-31', 'Chieu', 4000, 'C 13244001', 'C 13248000', 23, NULL),
(308, 5, '2019-03-31', 'Chieu', 4000, 'C 13124001', 'C 13128000', 23, NULL),
(309, 2, '2019-03-31', 'Chieu', 4000, 'C 13120001', 'C 13124000', 23, NULL),
(310, 36, '2019-03-31', 'Chieu', 4000, 'C 13140001', 'C 13144000', 23, NULL),
(311, 1, '2019-04-01', 'Chieu', 4000, 'C 13208001', 'C 13212000', 26, NULL),
(312, 12, '2019-04-01', 'Chieu', 4000, 'C 13144001', 'C 13148000', 26, NULL),
(313, 18, '2019-04-01', 'Chieu', 4000, 'C 13136001', 'C 13140000', 26, NULL),
(314, 12, '2019-04-03', 'Chieu', 4000, 'C 13188001', 'C 13192000', 24, NULL),
(315, 2, '2019-04-03', 'Chieu', 4000, 'C 13132001', 'C 13136000', 24, NULL),
(316, 7, '2019-04-03', 'Chieu', 4000, 'C 13152001', 'C 13156000', 24, NULL),
(317, 1, '2019-04-04', 'Chieu', 4000, 'B 13904001', 'B 13908000', 23, NULL),
(318, 13, '2019-04-04', 'Chieu', 4000, 'B 13908001', 'B 13912000', 23, NULL),
(319, 7, '2019-04-05', 'Chieu', 4000, 'B 13912001', 'B 13916000', 26, NULL),
(320, 17, '2019-04-05', 'Chieu', 4000, 'B 13852001', 'B 13856000', 26, NULL),
(321, 1, '2019-04-05', 'Chieu', 4000, 'B 13856001', 'B 13860000', 24, NULL),
(322, 13, '2019-04-05', 'Chieu', 4000, 'B 13832001', 'B 13836000', 26, NULL),
(323, 2, '2019-04-05', 'Chieu', 4000, 'B 13860001', 'B 13864000', 26, NULL),
(324, 1, '2019-04-06', 'Sang', 4000, 'B 13836001', 'B 13840000', 25, NULL),
(325, 12, '2019-04-06', 'Sang', 4000, 'B 13840001', 'B 13844000', 24, NULL),
(326, 7, '2019-04-06', 'Sang', 4000, 'B 13844001', 'B 13848000', 24, NULL),
(327, 17, '2019-04-06', 'Sang', 4000, 'B 13848001', 'B 13852000', 25, NULL),
(328, 44, '2019-04-06', 'Sang', 4000, 'B 13868001', 'B 13872000', 25, NULL),
(329, 2, '2019-04-06', 'Sang', 4000, 'B 13872001', 'B 13876000', 25, NULL),
(330, 28, '2019-04-06', 'Sang', 4000, 'B 13864001', 'B 13868000', 24, NULL),
(331, 1, '2019-04-06', 'Sang', 4000, 'B 13876001', 'B 13880000', 24, NULL),
(332, 13, '2019-04-06', 'Sang', 4000, 'B 13880001', 'B 13884000', 24, NULL),
(333, 28, '2019-04-06', 'Sang', 4000, 'B 13888001', 'B 13892000', 25, NULL),
(334, 7, '2019-04-06', 'Sang', 4000, 'B 13916001', 'B 13920000', 25, NULL),
(335, 14, '2019-04-06', 'Sang', 4000, 'B 13900001', 'B 13904000', 25, NULL),
(336, 51, '2019-04-06', 'Chieu', 4000, 'B 13884001', 'B 13888000', 24, NULL),
(337, 11, '2019-04-06', 'Chieu', 4000, 'B 13896001', 'B 13900000', 24, NULL),
(338, 37, '2019-04-06', 'Chieu', 4000, 'B 13892001', 'B 13896000', 23, NULL),
(339, 1, '2019-04-06', 'Chieu', 4000, 'B 13776001', 'B 13780000', 23, NULL),
(340, 7, '2019-04-06', 'Chieu', 4000, 'B 13792001', 'B 13796000', 23, NULL),
(341, 9, '2019-04-06', 'Chieu', 4000, 'B 13788001', 'B 13792000', 23, NULL),
(342, 10, '2019-04-06', 'Chieu', 4000, 'B 13784001', 'B 13788000', 23, NULL),
(343, 1, '2019-04-06', 'Chieu', 4000, 'B 13780001', 'B 13784000', 23, NULL),
(344, 34, '2019-04-06', 'Chieu', 4000, 'B 13800001', 'B 13804000', 23, NULL),
(345, 12, '2019-04-06', 'Chieu', 4000, 'B 13796001', 'B 13800000', 26, NULL),
(346, 2, '2019-04-06', 'Chieu', 4000, 'B 13812001', 'B 13816000', 26, NULL),
(347, 13, '2019-04-06', 'Chieu', 4000, 'B 13816001', 'B 13820000', 26, NULL),
(348, 14, '2019-04-06', 'Chieu', 4000, 'B 13772001', 'B 13776000', 26, NULL),
(349, 1, '2019-04-06', 'Chieu', 4000, 'B 13808001', 'B 13812000', 26, NULL),
(350, 8, '2019-04-06', 'Chieu', 4000, 'B 13804001', 'B 13808000', 23, NULL),
(351, 13, '2019-04-06', 'Chieu', 4000, 'B 13768001', 'B 13772000', 23, NULL),
(352, 11, '2019-04-06', 'Chieu', 4000, 'B 13764001', 'B 13768000', 23, NULL),
(353, 7, '2019-04-06', 'Chieu', 4000, 'B 13820001', 'B 13824000', 23, NULL),
(354, 23, '2019-04-06', 'Chieu', 4000, 'B 13828001', 'B 13832000', 23, NULL),
(355, 1, '2019-04-06', 'Chieu', 4000, 'B 13824001', 'B 13828000', 23, NULL),
(356, 18, '2019-04-06', 'Chieu', 4000, 'B 13760001', 'B 13764000', 23, NULL),
(357, 2, '2019-04-06', 'Chieu', 4000, 'J 10420001', 'J 10424000', 26, NULL),
(358, 9, '2019-04-06', 'Chieu', 4000, 'J 10424001', 'J 10428000', 26, NULL),
(359, 13, '2019-04-06', 'Chieu', 4000, 'J 10428001', 'J 10432000', 26, NULL),
(360, 36, '2019-04-06', 'Chieu', 4000, 'J 10448001', 'J 10452000', 26, NULL),
(361, 10, '2019-04-06', 'Chieu', 4000, 'J 10456001', 'J 10460000', 23, NULL),
(362, 12, '2019-04-06', 'Chieu', 4000, 'J 10432001', 'J 10436000', 23, NULL),
(363, 14, '2019-04-06', 'Chieu', 4000, 'J 10436001', 'J 10440000', 23, NULL),
(364, 1, '2019-04-07', 'Sang', 4000, 'J 10460001', 'J 10464000', 23, '09:20:20'),
(365, 2, '2019-04-07', 'Sang', 4000, 'J 10464001', 'J 10468000', 23, '10:25:31'),
(366, 17, '2019-04-07', 'Sang', 4000, 'J 10468001', 'J 10472000', 25, '10:36:22'),
(367, 11, '2019-04-07', 'Sang', 4000, 'J 10440001', 'J 10444000', 25, '11:07:14'),
(368, 49, '2019-04-07', 'Sang', 4000, 'J 10416001', 'J 10420000', 23, '11:32:12'),
(369, 26, '2019-04-07', 'Sang', 4000, 'J 10444001', 'J 10448000', 23, '11:37:34'),
(370, 14, '2019-04-07', 'Sang', 4000, 'J 10516001', 'J 10520000', 23, '12:06:39'),
(371, 17, '2019-04-07', 'Sang', 4000, 'J 10452001', 'J 10456000', 23, '12:07:19'),
(372, 6, '2019-04-07', 'Sang', 4000, 'J 10520001', 'J 10524000', 23, '12:17:13'),
(373, 12, '2019-04-07', 'Sang', 4000, 'J 10524001', 'J 10528000', 23, '12:21:57'),
(374, 12, '2019-04-07', 'Sang', 4000, 'J 10528001', 'J 10532000', 23, '12:24:26'),
(375, 1, '2019-04-07', 'Sang', 4000, 'J 10500001', 'J 10504000', 23, '12:30:15'),
(376, 6, '2019-04-07', 'Sang', 4000, 'J 10508001', 'J 10512000', 25, '13:03:19'),
(377, 5, '2019-04-07', 'Sang', 4000, 'J 10504001', 'J 10508000', 25, '13:03:44'),
(378, 7, '2019-04-07', 'Sang', 4000, 'J 10512001', 'J 10516000', 25, '13:08:16'),
(379, 8, '2019-04-07', 'Sang', 4000, 'J 10400001', 'J 10404000', 25, '13:12:50'),
(380, 6, '2019-04-07', 'Sang', 4000, 'J 10404001', 'J 10408000', 25, '13:18:07'),
(381, 2, '2019-04-07', 'Chieu', 4000, 'J 10408001', 'J 10412000', 25, '14:48:43'),
(382, 7, '2019-04-07', 'Chieu', 4000, 'J 10412001', 'J 10416000', 25, '15:09:48'),
(383, 13, '2019-04-07', 'Chieu', 4000, 'J 10480001', 'J 10484000', 23, '15:35:06'),
(384, 1, '2019-04-07', 'Chieu', 4000, 'J 10484001', 'J 10488000', 23, '15:57:27'),
(385, 14, '2019-04-07', 'Chieu', 4000, 'J 10488001', 'J 10492000', 26, '16:14:35'),
(386, 12, '2019-04-07', 'Chieu', 4000, 'J 10492001', 'J 10496000', 24, '16:39:56'),
(387, 2, '2019-04-07', 'Chieu', 4000, 'J 10496001', 'J 10500000', 26, '16:50:54'),
(388, 28, '2019-04-07', 'Chieu', 4000, 'J 10476001', 'J 10480000', 26, '17:10:27'),
(389, 7, '2019-04-07', 'Chieu', 4000, 'J 10532001', 'J 10536000', 26, '17:24:40'),
(390, 13, '2019-04-07', 'Chieu', 4000, 'J 10536001', 'J 10540000', 26, '17:38:55'),
(391, 9, '2019-04-07', 'Chieu', 4000, 'J 10556001', 'J 10560000', 26, '17:39:18'),
(392, 8, '2019-04-07', 'Chieu', 4000, 'J 10548001', 'J 10552000', 26, '17:39:30'),
(393, 11, '2019-04-07', 'Chieu', 4000, 'J 10552001', 'J 10556000', 26, '17:39:40'),
(394, 17, '2019-04-07', 'Chieu', 4000, 'J 10544001', 'J 10548000', 26, '17:39:54'),
(395, 2, '2019-04-07', 'Chieu', 4000, 'J 10540001', 'J 10544000', 26, '17:57:01'),
(396, 50, '2019-04-07', 'Chieu', 4000, 'F 13824001', 'F 13828000', 26, '17:57:07'),
(397, 26, '2019-04-07', 'Chieu', 4000, 'C 13128001', 'C 13132000', 26, '17:57:12'),
(398, 50, '2019-04-07', 'Chieu', 4000, 'C 13192001', 'C 13196000', 26, '17:57:14'),
(399, 17, '2019-04-07', 'Chieu', 4000, 'J 10472001', 'J 10476000', 26, '17:57:17'),
(400, 46, '2019-04-07', 'Chieu', 4000, 'C 13148001', 'C 13152000', 26, '17:57:19'),
(401, 13, '2019-04-07', 'Chieu', 4000, 'A 12048001', 'A 12052000', 26, '18:42:32'),
(402, 7, '2019-04-07', 'Chieu', 4000, 'A 12044001', 'A 12048000', 24, '19:14:17'),
(403, 23, '2019-04-07', 'Chieu', 4000, 'A 12040001', 'A 12044000', 24, '19:34:50'),
(404, 11, '2019-04-07', 'Chieu', 4000, 'A 12036001', 'A 12040000', 24, '19:43:33'),
(405, 10, '2019-04-07', 'Chieu', 4000, 'A 12032001', 'A 12036000', 24, '20:02:14'),
(406, 9, '2019-04-07', 'Chieu', 4000, 'A 12028001', 'A 12032000', 26, '20:09:28'),
(407, 7, '2019-04-07', 'Chieu', 4000, 'A 12052001', 'A 12056000', 26, '21:05:14'),
(408, 2, '2019-04-07', 'Chieu', 4000, 'A 12068001', 'A 12072000', 26, '21:13:51'),
(409, 12, '2019-04-07', 'Chieu', 4000, 'A 12064001', 'A 12068000', 24, '21:19:39'),
(410, 1, '2019-04-07', 'Chieu', 4000, 'A 12056001', 'A 12060000', 26, '21:19:57'),
(411, 7, '2019-04-08', 'Chieu', 4000, 'A 12020001', 'A 12024000', 26, '19:39:26'),
(412, 13, '2019-04-08', 'Chieu', 4000, 'A 12024001', 'A 12028000', 26, '20:46:56'),
(413, 1, '2019-04-10', 'Chieu', 4000, 'A 12060001', 'A 12064000', 26, '20:22:58'),
(414, 14, '2019-04-10', 'Chieu', 4000, 'A 12000001', 'A 12004000', 26, '20:37:42'),
(415, 32, '2019-04-11', 'Chieu', 4000, 'A 12016001', 'A 12020000', 25, '20:07:49'),
(416, 37, '2019-04-12', 'Chieu', 4000, 'A 12012001', 'A 12016000', 26, '20:58:45'),
(417, 1, '2019-04-12', 'Chieu', 4000, 'A 12120001', 'A 12124000', 26, '21:08:53'),
(418, 7, '2019-04-13', 'Sang', 4000, 'A 12124001', 'A 12128000', 24, '10:29:29'),
(419, 13, '2019-04-13', 'Sang', 4000, 'A 12128001', 'A 12132000', 25, '10:37:19'),
(420, 2, '2019-04-13', 'Sang', 4000, 'A 12136001', 'A 12140000', 24, '10:50:43'),
(421, 1, '2019-04-13', 'Sang', 4000, 'A 12132001', 'A 12136000', 25, '11:25:41'),
(422, 9, '2019-04-13', 'Sang', 4000, 'A 12112001', 'A 12116000', 24, '12:04:06'),
(423, 17, '2019-04-13', 'Sang', 4000, 'A 12084001', 'A 12088000', 24, '12:08:33'),
(424, 19, '2019-04-13', 'Sang', 4000, 'A 12104001', 'A 12108000', 24, '12:19:05'),
(425, 7, '2019-04-13', 'Sang', 4000, 'A 12116001', 'A 12120000', 24, '12:28:14'),
(426, 8, '2019-04-13', 'Sang', 4000, 'A 12100001', 'A 12104000', 24, '12:38:26'),
(427, 2, '2019-04-13', 'Sang', 4000, 'A 12096001', 'A 12100000', 24, '12:40:44'),
(428, 1, '2019-04-13', 'Sang', 4000, 'A 12080001', 'A 12084000', 25, '12:51:50'),
(429, 36, '2019-04-13', 'Sang', 4000, 'A 12072001', 'A 12076000', 25, '12:57:30'),
(430, 34, '2019-04-13', 'Chieu', 4000, 'A 12108001', 'A 12112000', 24, '14:29:32'),
(431, 18, '2019-04-13', 'Chieu', 4000, 'A 12088001', 'A 12092000', 26, '15:07:52'),
(432, 28, '2019-04-13', 'Chieu', 4000, 'A 12092001', 'A 12096000', 25, '15:27:08'),
(433, 7, '2019-04-13', 'Chieu', 4000, 'A 12140001', 'A 12144000', 25, '15:35:18'),
(434, 1, '2019-04-13', 'Chieu', 4000, 'A 12148001', 'A 12152000', 25, '15:38:49'),
(435, 2, '2019-04-13', 'Chieu', 4000, 'A 12076001', 'A 12080000', 25, '15:38:56'),
(436, 8, '2019-04-13', 'Chieu', 4000, 'A 12152001', 'A 12156000', 23, '16:53:44'),
(437, 6, '2019-04-13', 'Chieu', 4000, 'A 12156001', 'A 12160000', 23, '17:06:25'),
(438, 8, '2019-04-13', 'Chieu', 4000, 'D 11608001', 'D 11612000', 26, '17:22:00'),
(439, 11, '2019-04-13', 'Chieu', 4000, 'D 11596001', 'D 11600000', 23, '17:22:02'),
(440, 1, '2019-04-13', 'Chieu', 4000, 'D 11600001', 'D 11604000', 26, '17:26:23'),
(441, 11, '2019-04-13', 'Chieu', 4000, 'A 12144001', 'A 12148000', 26, '17:26:27'),
(442, 20, '2019-04-13', 'Chieu', 4000, 'A 12004001', 'A 12008000', 26, '17:26:48'),
(443, 28, '2019-04-13', 'Chieu', 4000, 'A 12008001', 'A 12012000', 26, '17:26:50'),
(444, 12, '2019-04-13', 'Chieu', 4000, 'D 11616001', 'D 11620000', 26, '17:32:23'),
(445, 7, '2019-04-13', 'Chieu', 4000, 'D 11604001', 'D 11608000', 26, '18:10:45'),
(446, 17, '2019-04-13', 'Chieu', 4000, 'D 11664001', 'D 11668000', 26, '18:13:40'),
(447, 26, '2019-04-13', 'Chieu', 4000, 'D 11672001', 'D 11676000', 26, '18:21:06'),
(448, 1, '2019-04-13', 'Chieu', 4000, 'D 11620001', 'D 11624000', 23, '19:18:50'),
(449, 1, '2019-04-13', 'Chieu', 4000, 'D 11624001', 'D 11628000', 23, '19:26:48'),
(450, 7, '2019-04-13', 'Chieu', 4000, 'D 11592001', 'D 11596000', 26, '20:38:18'),
(451, 13, '2019-04-13', 'Chieu', 4000, 'D 11676001', 'D 11680000', 26, '21:17:07'),
(452, 14, '2019-04-13', 'Chieu', 4000, 'D 11668001', 'D 11672000', 26, '21:17:15'),
(453, 11, '2019-04-14', 'Sang', 4000, 'D 11576001', 'D 11580000', 23, '10:00:44'),
(454, 7, '2019-04-14', 'Sang', 4000, 'D 11572001', 'D 11576000', 25, '10:38:09'),
(455, 35, '2019-04-14', 'Sang', 4000, 'D 11568001', 'D 11572000', 25, '10:46:56'),
(456, 11, '2019-04-14', 'Sang', 4000, 'D 11552001', 'D 11556000', 23, '11:06:12'),
(457, 13, '2019-04-14', 'Sang', 4000, 'D 11584001', 'D 11588000', 23, '11:08:43'),
(458, 8, '2019-04-14', 'Sang', 4000, 'D 11556001', 'D 11560000', 23, '11:08:57'),
(459, 28, '2019-04-14', 'Sang', 4000, 'D 11588001', 'D 11592000', 25, '11:20:22'),
(460, 2, '2019-04-14', 'Sang', 4000, 'D 11580001', 'D 11584000', 23, '11:21:55'),
(461, 6, '2019-04-14', 'Sang', 4000, 'D 11632001', 'D 11636000', 23, '11:29:29'),
(462, 34, '2019-04-14', 'Sang', 4000, 'D 11636001', 'D 11640000', 23, '11:36:34'),
(463, 20, '2019-04-14', 'Sang', 4000, 'D 11660001', 'D 11664000', 25, '11:42:09'),
(464, 17, '2019-04-14', 'Sang', 4000, 'D 11656001', 'D 11660000', 23, '11:50:45'),
(465, 14, '2019-04-14', 'Sang', 4000, 'D 11544001', 'D 11548000', 23, '12:05:40'),
(466, 7, '2019-04-14', 'Sang', 4000, 'D 11640001', 'D 11644000', 23, '12:11:41'),
(467, 51, '2019-04-14', 'Sang', 4000, 'D 11644001', 'D 11648000', 23, '12:24:59'),
(468, 42, '2019-04-14', 'Sang', 4000, 'D 11540001', 'D 11544000', 23, '12:46:27'),
(469, 13, '2019-04-14', 'Sang', 4000, 'D 11548001', 'D 11552000', 25, '12:57:38'),
(470, 8, '2019-04-14', 'Sang', 4000, 'D 11536001', 'D 11540000', 25, '13:03:20'),
(471, 8, '2019-04-14', 'Sang', 4000, 'D 11528001', 'D 11532000', 25, '13:07:41'),
(472, 6, '2019-04-14', 'Sang', 4000, 'D 11532001', 'D 11536000', 25, '13:09:05'),
(473, 11, '2019-04-14', 'Sang', 4000, 'D 11524001', 'D 11528000', 25, '13:13:44'),
(474, 17, '2019-04-14', 'Sang', 4000, 'D 11520001', 'D 11524000', 25, '13:14:19'),
(475, 33, '2019-04-14', 'Sang', 4000, 'B 14388001', 'B 14392000', 25, '13:19:25'),
(476, 1, '2019-04-14', 'Sang', 4000, 'B 14360001', 'B 14364000', 25, '13:31:02'),
(477, 10, '2019-04-14', 'Sang', 4000, 'B 14384001', 'B 14388000', 25, '13:33:35'),
(478, 2, '2019-04-14', 'Sang', 4000, 'B 14352001', 'B 14356000', 25, '13:37:51'),
(479, 9, '2019-04-14', 'Sang', 4000, 'B 14396001', 'B 14400000', 25, '13:38:18'),
(480, 23, '2019-04-14', 'Sang', 4000, 'B 14348001', 'B 14352000', 25, '13:45:43'),
(481, 36, '2019-04-14', 'Sang', 4000, 'B 14372001', 'B 14376000', 25, '13:47:23'),
(482, 13, '2019-04-14', 'Sang', 4000, 'B 14368001', 'B 14372000', 25, '13:53:24'),
(483, 7, '2019-04-14', 'Sang', 4000, 'B 14364001', 'B 14368000', 23, '13:58:03'),
(484, 47, '2019-04-14', 'Chieu', 4000, 'B 14356001', 'B 14360000', 23, '14:05:02'),
(485, 13, '2019-04-14', 'Chieu', 4000, 'B 14392001', 'B 14396000', 23, '14:09:28'),
(486, 2, '2019-04-14', 'Chieu', 4000, 'D 11564001', 'D 11568000', 23, '14:09:32'),
(487, 1, '2019-04-14', 'Chieu', 4000, 'D 11560001', 'D 11564000', 23, '14:09:37'),
(488, 8, '2019-04-14', 'Chieu', 4000, 'D 11648001', 'D 11652000', 23, '14:09:42'),
(489, 14, '2019-04-14', 'Chieu', 4000, 'D 11628001', 'D 11632000', 23, '14:09:50'),
(490, 12, '2019-04-14', 'Chieu', 4000, 'D 11612001', 'D 11616000', 23, '14:09:54'),
(491, 34, '2019-04-14', 'Chieu', 4000, 'D 11652001', 'D 11656000', 23, '14:10:03'),
(492, 14, '2019-04-14', 'Chieu', 4000, 'B 14376001', 'B 14380000', 23, '14:51:58'),
(493, 37, '2019-04-14', 'Chieu', 4000, 'B 14344001', 'B 14348000', 23, '14:56:03'),
(494, 17, '2019-04-14', 'Chieu', 4000, 'B 14380001', 'B 14384000', 23, '14:58:49'),
(495, 13, '2019-04-14', 'Chieu', 4000, 'B 14340001', 'B 14344000', 26, '15:05:06'),
(496, 51, '2019-04-14', 'Chieu', 4000, 'B 14324001', 'B 14328000', 26, '15:18:01'),
(497, 1, '2019-04-14', 'Chieu', 4000, 'B 14284001', 'B 14288000', 26, '15:22:14'),
(498, 11, '2019-04-14', 'Chieu', 4000, 'B 14280001', 'B 14284000', 24, '15:37:47'),
(499, 2, '2019-04-14', 'Chieu', 4000, 'B 14248001', 'B 14252000', 25, '15:43:19'),
(500, 11, '2019-04-14', 'Chieu', 4000, 'B 14276001', 'B 14280000', 26, '15:44:59'),
(501, 7, '2019-04-14', 'Chieu', 4000, 'B 14252001', 'B 14256000', 26, '15:49:06'),
(502, 12, '2019-04-14', 'Chieu', 4000, 'B 14256001', 'B 14260000', 25, '15:56:34'),
(503, 28, '2019-04-14', 'Chieu', 4000, 'B 14272001', 'B 14276000', 26, '16:03:19'),
(504, 17, '2019-04-14', 'Chieu', 4000, 'B 14268001', 'B 14272000', 26, '16:10:31'),
(505, 6, '2019-04-14', 'Chieu', 4000, 'B 14264001', 'B 14268000', 23, '16:10:57'),
(506, 8, '2019-04-14', 'Chieu', 4000, 'B 14260001', 'B 14264000', 23, '16:11:05'),
(507, 8, '2019-04-14', 'Chieu', 4000, 'B 14312001', 'B 14316000', 26, '16:12:27'),
(508, 17, '2019-04-14', 'Chieu', 4000, 'B 14244001', 'B 14248000', 26, '16:14:11'),
(509, 18, '2019-04-14', 'Chieu', 4000, 'B 14316001', 'B 14320000', 26, '16:33:15'),
(510, 13, '2019-04-14', 'Chieu', 4000, 'B 14240001', 'B 14244000', 26, '16:35:20'),
(511, 28, '2019-04-14', 'Chieu', 4000, 'B 14308001', 'B 14312000', 24, '16:55:10'),
(512, 17, '2019-04-14', 'Chieu', 4000, 'B 14304001', 'B 14308000', 26, '16:56:47'),
(513, 1, '2019-04-14', 'Chieu', 4000, 'B 14300001', 'B 14304000', 24, '16:58:58'),
(514, 20, '2019-04-14', 'Chieu', 4000, 'B 14288001', 'B 14292000', 26, '17:10:33'),
(515, 8, '2019-04-14', 'Chieu', 4000, 'B 14292001', 'B 14296000', 26, '17:10:48'),
(516, 12, '2019-04-14', 'Chieu', 4000, 'B 14296001', 'B 14300000', 26, '17:27:16'),
(517, 7, '2019-04-14', 'Chieu', 4000, 'B 14328001', 'B 14332000', 26, '17:27:26'),
(518, 42, '2019-04-14', 'Chieu', 4000, 'B 14332001', 'B 14336000', 24, '17:27:52'),
(519, 14, '2019-04-14', 'Chieu', 4000, 'B 14336001', 'B 14340000', 26, '17:43:52'),
(520, 2, '2019-04-14', 'Chieu', 4000, 'B 14320001', 'B 14324000', 26, '17:44:05'),
(521, 11, '2019-04-14', 'Chieu', 4000, 'E 14336001', 'E 14340000', 26, '17:48:15'),
(522, 10, '2019-04-14', 'Chieu', 4000, 'E 14340001', 'E 14344000', 26, '17:53:55'),
(523, 17, '2019-04-14', 'Chieu', 4000, 'E 14344001', 'E 14348000', 26, '18:03:01'),
(524, 9, '2019-04-14', 'Chieu', 4000, 'E 14296001', 'E 14300000', 26, '18:09:22'),
(525, 8, '2019-04-14', 'Chieu', 4000, 'E 14392001', 'E 14396000', 24, '18:10:38'),
(526, 36, '2019-04-14', 'Chieu', 4000, 'E 14384001', 'E 14388000', 26, '18:23:56'),
(527, 1, '2019-04-14', 'Chieu', 4000, 'E 14388001', 'E 14392000', 24, '18:29:26'),
(528, 13, '2019-04-14', 'Chieu', 4000, 'E 14380001', 'E 14384000', 24, '18:41:45'),
(529, 28, '2019-04-14', 'Chieu', 4000, 'E 14332001', 'E 14336000', 24, '18:47:26'),
(530, 34, '2019-04-14', 'Chieu', 4000, 'E 14348001', 'E 14352000', 26, '18:50:03'),
(531, 14, '2019-04-14', 'Chieu', 4000, 'E 14376001', 'E 14380000', 24, '18:53:26'),
(532, 7, '2019-04-14', 'Chieu', 4000, 'E 14328001', 'E 14332000', 24, '19:14:11'),
(533, 2, '2019-04-14', 'Chieu', 4000, 'E 14372001', 'E 14376000', 24, '19:22:22'),
(534, 8, '2019-04-14', 'Chieu', 4000, 'E 14316001', 'E 14320000', 26, '19:57:57'),
(535, 11, '2019-04-14', 'Chieu', 4000, 'E 14320001', 'E 14324000', 26, '20:05:08'),
(536, 17, '2019-04-14', 'Chieu', 4000, 'E 14308001', 'E 14312000', 26, '20:17:34'),
(537, 10, '2019-04-14', 'Chieu', 4000, 'E 14352001', 'E 14356000', 26, '20:20:20'),
(538, 1, '2019-04-14', 'Chieu', 4000, 'E 14324001', 'E 14328000', 26, '20:20:47'),
(539, 12, '2019-04-14', 'Chieu', 4000, 'E 14356001', 'E 14360000', 26, '20:25:58'),
(540, 5, '2019-04-14', 'Chieu', 4000, 'E 14360001', 'E 14364000', 26, '20:33:50'),
(541, 13, '2019-04-14', 'Chieu', 4000, 'E 14364001', 'E 14368000', 26, '20:34:02'),
(542, 14, '2019-04-14', 'Chieu', 4000, 'E 14368001', 'E 14372000', 26, '20:42:42'),
(543, 5, '2019-04-14', 'Chieu', 4000, 'E 14300001', 'E 14304000', 24, '20:54:14'),
(544, 7, '2019-04-14', 'Chieu', 4000, 'E 14304001', 'E 14308000', 26, '21:06:07'),
(545, 8, '2019-04-14', 'Chieu', 4000, 'E 14288001', 'E 14292000', 24, '21:10:20'),
(546, 8, '2019-04-14', 'Chieu', 4000, 'E 14260001', 'E 14264000', 24, '21:33:32'),
(547, 2, '2019-04-14', 'Chieu', 4000, 'E 14396001', 'E 14400000', 26, '21:35:36'),
(548, 5, '2019-04-14', 'Chieu', 4000, 'E 14264001', 'E 14268000', 24, '21:40:22'),
(549, 1, '2019-04-14', 'Chieu', 4000, 'E 14268001', 'E 14272000', 26, '21:43:22'),
(550, 43, '2019-04-14', 'Chieu', 4000, 'E 14272001', 'E 14276000', 26, '21:55:03'),
(551, 2, '2019-04-15', 'Sang', 4000, 'E 14256001', 'E 14260000', 23, '09:42:22'),
(552, 8, '2019-04-15', 'Sang', 4000, 'E 14276001', 'E 14280000', 23, '10:07:18'),
(561, 13, '2019-04-15', 'Sang', 4000, 'E 14280001', 'E 14284000', 25, '11:20:46'),
(562, 29, '2019-04-15', 'Sang', 4000, 'E 14240001', 'E 14244000', 25, '11:20:51'),
(563, 25, '2019-04-15', 'Sang', 4000, 'E 14248001', 'E 14252000', 25, '11:20:53'),
(564, 48, '2019-04-15', 'Sang', 4000, 'E 14244001', 'E 14248000', 25, '11:20:57'),
(565, 44, '2019-04-15', 'Sang', 4000, 'E 14284001', 'E 14288000', 25, '11:21:01'),
(566, 34, '2019-04-15', 'Sang', 4000, 'E 14252001', 'E 14256000', 25, '11:21:05'),
(567, 21, '2019-04-15', 'Sang', 4000, 'E 14292001', 'E 14296000', 25, '11:22:04'),
(568, 24, '2019-04-15', 'Sang', 4000, 'E 14312001', 'E 14316000', 25, '11:24:20'),
(601, 9, '2019-04-15', 'Chieu', 4000, 'I 13560001', 'I 13564000', 26, '15:39:10'),
(602, 13, '2019-04-15', 'Chieu', 4000, 'I 13552001', 'I 13556000', 26, '15:39:13'),
(603, 17, '2019-04-15', 'Chieu', 4000, 'I 13592001', 'I 13596000', 26, '15:39:16'),
(604, 6, '2019-04-15', 'Chieu', 4000, 'I 13600001', 'I 13604000', 26, '15:39:21'),
(605, 1, '2019-04-15', 'Chieu', 4000, 'I 13596001', 'I 13600000', 26, '15:39:24'),
(606, 40, '2019-04-15', 'Chieu', 4000, 'I 13524001', 'I 13528000', 26, '15:41:33'),
(607, 14, '2019-04-15', 'Chieu', 4000, 'I 13580001', 'I 13584000', 26, '15:41:38'),
(608, 24, '2019-04-15', 'Chieu', 4000, 'I 13604001', 'I 13608000', 26, '15:41:41'),
(609, 27, '2019-04-15', 'Chieu', 4000, 'I 13568001', 'I 13572000', 26, '15:41:43'),
(610, 2, '2019-04-15', 'Chieu', 4000, 'I 13608001', 'I 13612000', 23, '15:41:48'),
(611, 1, '2019-04-15', 'Chieu', 4000, 'I 13572001', 'I 13576000', 23, '15:41:55'),
(612, 13, '2019-04-15', 'Chieu', 4000, 'I 13588001', 'I 13592000', 23, '15:42:02'),
(613, 24, '2019-04-15', 'Chieu', 4000, 'I 13620001', 'I 13624000', 23, '15:42:06'),
(614, 6, '2019-04-15', 'Chieu', 4000, 'I 13616001', 'I 13620000', 23, '15:42:10'),
(615, 6, '2019-04-15', 'Chieu', 4000, 'I 13628001', 'I 13632000', 26, '15:42:11'),
(616, 8, '2019-04-15', 'Chieu', 4000, 'I 13564001', 'I 13568000', 23, '15:42:13'),
(617, 2, '2019-04-15', 'Chieu', 4000, 'I 13536001', 'I 13540000', 26, '15:42:15'),
(618, 9, '2019-04-15', 'Chieu', 4000, 'I 13520001', 'I 13524000', 23, '15:42:17'),
(619, 42, '2019-04-15', 'Chieu', 4000, 'I 13584001', 'I 13588000', 26, '15:42:17'),
(620, 5, '2019-04-15', 'Chieu', 4000, 'I 13644001', 'I 13648000', 26, '15:42:24'),
(621, 33, '2019-04-15', 'Chieu', 4000, 'I 13612001', 'I 13616000', 23, '15:42:25'),
(622, 18, '2019-04-15', 'Chieu', 4000, 'I 13548001', 'I 13552000', 24, '15:42:25'),
(623, 2, '2019-04-15', 'Chieu', 4000, 'I 13632001', 'I 13636000', 23, '15:42:29'),
(624, 1, '2019-04-15', 'Chieu', 4000, 'I 13556001', 'I 13560000', 24, '15:42:29'),
(625, 1, '2019-04-15', 'Chieu', 4000, 'I 13636001', 'I 13640000', 23, '15:42:32'),
(626, 11, '2019-04-15', 'Chieu', 4000, 'I 13652001', 'I 13656000', 24, '15:42:36'),
(628, 20, '2019-04-15', 'Chieu', 4000, 'I 13640001', 'I 13644000', 26, '15:42:36'),
(629, 51, '2019-04-15', 'Chieu', 4000, 'I 13576001', 'I 13580000', 23, '15:42:43'),
(630, 23, '2019-04-15', 'Chieu', 4000, 'I 13624001', 'I 13628000', 24, '15:42:45'),
(631, 13, '2019-04-15', 'Chieu', 4000, 'I 13668001', 'I 13672000', 23, '15:42:46'),
(632, 1, '2019-04-15', 'Chieu', 4000, 'I 13648001', 'I 13652000', 23, '15:42:50'),
(633, 2, '2019-04-15', 'Chieu', 4000, 'I 13656001', 'I 13660000', 23, '15:42:52'),
(634, 5, '2019-04-15', 'Chieu', 4000, 'I 13664001', 'I 13668000', 23, '15:42:55'),
(635, 1, '2019-04-15', 'Chieu', 4000, 'I 13676001', 'I 13680000', 23, '15:42:58'),
(636, 17, '2019-04-15', 'Chieu', 4000, 'I 13544001', 'I 13548000', 26, '15:42:58'),
(637, 1, '2019-04-15', 'Chieu', 4000, 'I 13660001', 'I 13664000', 26, '15:43:00'),
(638, 2, '2019-04-15', 'Chieu', 4000, 'I 13672001', 'I 13676000', 23, '15:43:01'),
(639, 25, '2019-04-15', 'Chieu', 4000, 'I 13540001', 'I 13544000', 26, '15:43:03'),
(640, 27, '2019-04-15', 'Chieu', 4000, 'I 13532001', 'I 13536000', 26, '15:43:05'),
(641, 21, '2019-04-15', 'Chieu', 4000, 'I 13528001', 'I 13532000', 26, '15:43:07'),
(643, 19, '2019-04-15', 'Chieu', 4000, 'E 10892001', 'E 10896000', 25, '15:46:34'),
(644, 14, '2019-04-15', 'Chieu', 4000, 'E 10888001', 'E 10892000', 26, '16:02:47'),
(645, 17, '2019-04-15', 'Chieu', 4000, 'E 10956001', 'E 10960000', 26, '16:08:23'),
(646, 12, '2019-04-15', 'Chieu', 4000, 'E 10944001', 'E 10948000', 23, '16:14:53'),
(647, 42, '2019-04-15', 'Chieu', 4000, 'E 10896001', 'E 10900000', 26, '16:21:15'),
(648, 7, '2019-04-15', 'Chieu', 4000, 'E 10940001', 'E 10944000', 26, '16:21:28'),
(649, 18, '2019-04-15', 'Chieu', 4000, 'E 10916001', 'E 10920000', 26, '16:26:25'),
(650, 2, '2019-04-15', 'Chieu', 4000, 'E 10824001', 'E 10828000', 23, '16:28:55'),
(651, 7, '2019-04-15', 'Chieu', 4000, 'E 10924001', 'E 10928000', 23, '16:31:01'),
(652, 12, '2019-04-15', 'Chieu', 4000, 'E 10920001', 'E 10924000', 23, '16:31:13'),
(653, 11, '2019-04-15', 'Chieu', 4000, 'E 10912001', 'E 10916000', 23, '16:52:50'),
(654, 28, '2019-04-15', 'Chieu', 4000, 'E 10908001', 'E 10912000', 26, '16:58:09'),
(655, 1, '2019-04-15', 'Chieu', 4000, 'E 10904001', 'E 10908000', 24, '17:09:32'),
(656, 11, '2019-04-15', 'Chieu', 4000, 'E 10900001', 'E 10904000', 26, '17:26:02'),
(657, 36, '2019-04-15', 'Chieu', 4000, 'E 10932001', 'E 10936000', 26, '17:26:15'),
(658, 14, '2019-04-15', 'Chieu', 4000, 'E 10928001', 'E 10932000', 24, '17:29:18'),
(659, 17, '2019-04-15', 'Chieu', 4000, 'E 10872001', 'E 10876000', 24, '18:03:38'),
(660, 7, '2019-04-15', 'Chieu', 4000, 'E 10880001', 'E 10884000', 24, '18:21:10'),
(661, 17, '2019-04-15', 'Chieu', 4000, 'E 10884001', 'E 10888000', 24, '18:22:02'),
(662, 2, '2019-04-15', 'Chieu', 4000, 'E 10952001', 'E 10956000', 24, '18:27:57'),
(663, 1, '2019-04-15', 'Chieu', 4000, 'E 10948001', 'E 10952000', 24, '18:40:28'),
(664, 13, '2019-04-15', 'Chieu', 4000, 'E 10876001', 'E 10880000', 24, '18:40:42'),
(665, 20, '2019-04-15', 'Chieu', 4000, 'E 10936001', 'E 10940000', 24, '18:49:52'),
(666, 51, '2019-04-15', 'Chieu', 4000, 'E 10844001', 'E 10848000', 26, '18:59:18'),
(667, 37, '2019-04-15', 'Chieu', 4000, 'E 10804001', 'E 10808000', 26, '19:41:11'),
(668, 6, '2019-04-15', 'Chieu', 4000, 'E 10832001', 'E 10836000', 24, '20:03:54'),
(669, 8, '2019-04-15', 'Chieu', 4000, 'E 10836001', 'E 10840000', 24, '20:26:41'),
(670, 1, '2019-04-15', 'Chieu', 4000, 'E 10800001', 'E 10804000', 24, '20:32:04'),
(671, 2, '2019-04-15', 'Chieu', 4000, 'E 10852001', 'E 10856000', 24, '20:32:18'),
(672, 50, '2019-04-15', 'Chieu', 4000, 'E 10840001', 'E 10844000', 24, '20:41:20'),
(673, 7, '2019-04-15', 'Chieu', 4000, 'E 10828001', 'E 10832000', 26, '20:57:04'),
(674, 13, '2019-04-15', 'Chieu', 4000, 'E 10848001', 'E 10852000', 24, '20:58:53'),
(675, 14, '2019-04-15', 'Chieu', 4000, 'E 10864001', 'E 10868000', 26, '21:30:34'),
(676, 1, '2019-04-17', 'Sang', 4000, 'E 10868001', 'E 10872000', 26, '10:58:49'),
(677, 2, '2019-04-17', 'Chieu', 4000, 'E 10856001', 'E 10860000', 26, '14:01:04'),
(678, 34, '2019-04-18', 'Chieu', 4000, 'E 10812001', 'E 10816000', 25, '15:55:27'),
(679, 8, '2019-04-18', 'Chieu', 4000, 'E 10816001', 'E 10820000', 25, '20:36:57'),
(680, 45, '2019-04-19', 'Chieu', 4000, 'E 10808001', 'E 10812000', 25, '17:00:19'),
(681, 7, '2019-04-19', 'Chieu', 4000, 'J 11524001', 'J 11528000', 23, '17:14:23'),
(682, 2, '2019-04-19', 'Chieu', 4000, 'J 11532001', 'J 11536000', 23, '17:14:27'),
(683, 13, '2019-04-19', 'Chieu', 4000, 'J 11528001', 'J 11532000', 23, '17:14:45'),
(684, 12, '2019-04-19', 'Chieu', 4000, 'E 10860001', 'E 10864000', 23, '20:15:20');
INSERT INTO `baocao` (`id`, `idmay`, `Ngaynhap`, `Ca`, `Xuat`, `Startseri`, `Endseri`, `Nhanvien`, `thoigian`) VALUES
(685, 2, '2019-04-19', 'Chieu', 4000, 'E 10820001', 'E 10824000', 24, '20:22:44'),
(686, 5, '2019-04-20', 'Sang', 4000, 'J 11628001', 'J 11632000', 24, '10:59:56'),
(687, 2, '2019-04-20', 'Sang', 4000, 'J 11624001', 'J 11628000', 24, '12:06:32'),
(688, 7, '2019-04-20', 'Sang', 4000, 'J 11604001', 'J 11608000', 24, '12:08:23'),
(689, 11, '2019-04-20', 'Sang', 4000, 'J 11600001', 'J 11604000', 24, '12:18:30'),
(690, 8, '2019-04-20', 'Sang', 4000, 'J 11612001', 'J 11616000', 24, '12:41:02'),
(691, 1, '2019-04-20', 'Sang', 4000, 'J 11608001', 'J 11612000', 24, '12:41:19'),
(692, 6, '2019-04-20', 'Sang', 4000, 'J 11672001', 'J 11676000', 25, '13:18:45'),
(693, 14, '2019-04-20', 'Chieu', 4000, 'J 11616001', 'J 11620000', 24, '14:24:17'),
(694, 2, '2019-04-20', 'Chieu', 4000, 'J 11664001', 'J 11668000', 25, '14:27:24'),
(695, 1, '2019-04-20', 'Chieu', 4000, 'J 11640001', 'J 11644000', 25, '14:29:20'),
(696, 25, '2019-04-20', 'Chieu', 4000, 'J 11592001', 'J 11596000', 26, '14:55:38'),
(697, 10, '2019-04-20', 'Chieu', 4000, 'J 11596001', 'J 11600000', 26, '14:59:36'),
(698, 13, '2019-04-20', 'Chieu', 4000, 'J 11644001', 'J 11648000', 23, '16:03:24'),
(699, 42, '2019-04-20', 'Chieu', 4000, 'J 11660001', 'J 11664000', 26, '18:22:23'),
(700, 2, '2019-04-20', 'Chieu', 4000, 'J 11656001', 'J 11660000', 26, '18:22:35'),
(701, 9, '2019-04-20', 'Chieu', 4000, 'J 11636001', 'J 11640000', 26, '18:34:38'),
(702, 13, '2019-04-20', 'Chieu', 4000, 'J 11652001', 'J 11656000', 26, '18:42:34'),
(703, 14, '2019-04-20', 'Chieu', 4000, 'J 11540001', 'J 11544000', 26, '19:04:00'),
(704, 7, '2019-04-20', 'Chieu', 4000, 'J 11548001', 'J 11552000', 26, '19:04:10'),
(705, 19, '2019-04-20', 'Chieu', 4000, 'J 11536001', 'J 11540000', 26, '19:12:43'),
(706, 11, '2019-04-20', 'Chieu', 4000, 'J 11556001', 'J 11560000', 23, '20:02:41'),
(707, 1, '2019-04-20', 'Chieu', 4000, 'J 11560001', 'J 11564000', 26, '20:32:54'),
(708, 7, '2019-04-20', 'Chieu', 4000, 'J 11668001', 'J 11672000', 23, '20:54:47'),
(709, 26, '2019-04-20', 'Chieu', 4000, 'J 11568001', 'J 11572000', 26, '21:10:35'),
(710, 13, '2019-04-20', 'Chieu', 4000, 'J 11564001', 'J 11568000', 26, '21:10:48'),
(711, 12, '2019-04-20', 'Chieu', 4000, 'J 11572001', 'J 11576000', 26, '21:28:54'),
(712, 2, '2019-04-20', 'Chieu', 4000, 'J 11580001', 'J 11584000', 26, '21:32:41'),
(713, 1, '2019-04-21', 'Sang', 4000, 'J 11632001', 'J 11636000', 26, '09:56:59'),
(714, 13, '2019-04-21', 'Sang', 4000, 'J 11576001', 'J 11580000', 24, '11:47:42'),
(715, 14, '2019-04-21', 'Sang', 4000, 'J 11520001', 'J 11524000', 24, '11:47:59'),
(716, 7, '2019-04-21', 'Sang', 4000, 'J 11676001', 'J 11680000', 24, '11:59:28'),
(717, 1, '2019-04-21', 'Sang', 4000, 'J 11584001', 'J 11588000', 24, '12:08:50'),
(718, 11, '2019-04-21', 'Sang', 4000, 'J 11552001', 'J 11556000', 26, '12:49:39'),
(719, 2, '2019-04-21', 'Sang', 4000, 'J 11544001', 'J 11548000', 26, '13:02:34'),
(720, 2, '2019-04-21', 'Sang', 4000, 'F 13052001', 'F 13056000', 26, '13:02:51'),
(721, 36, '2019-04-21', 'Sang', 4000, 'F 13048001', 'F 13052000', 26, '13:03:05'),
(722, 18, '2019-04-21', 'Sang', 4000, 'F 13112001', 'F 13116000', 26, '13:35:58'),
(723, 13, '2019-04-21', 'Sang', 4000, 'F 13060001', 'F 13064000', 26, '13:36:15'),
(724, 10, '2019-04-21', 'Sang', 4000, 'F 13108001', 'F 13112000', 26, '13:56:27'),
(725, 12, '2019-04-21', 'Chieu', 4000, 'F 13064001', 'F 13068000', 26, '14:11:33'),
(726, 7, '2019-04-21', 'Chieu', 4000, 'F 13116001', 'F 13120000', 26, '14:13:07'),
(727, 8, '2019-04-21', 'Chieu', 4000, 'F 13088001', 'F 13092000', 26, '14:16:19'),
(728, 14, '2019-04-21', 'Chieu', 4000, 'F 13072001', 'F 13076000', 24, '14:20:31'),
(729, 2, '2019-04-21', 'Chieu', 4000, 'F 13044001', 'F 13048000', 23, '15:13:07'),
(730, 6, '2019-04-21', 'Chieu', 4000, 'F 13100001', 'F 13104000', 23, '15:23:36'),
(731, 13, '2019-04-21', 'Chieu', 4000, 'F 12996001', 'F 13000000', 24, '15:33:50'),
(732, 1, '2019-04-21', 'Chieu', 4000, 'F 13104001', 'F 13108000', 24, '15:57:24'),
(733, 7, '2019-04-21', 'Chieu', 4000, 'F 13092001', 'F 13096000', 26, '15:58:31'),
(734, 8, '2019-04-21', 'Chieu', 4000, 'F 13076001', 'F 13080000', 25, '17:13:20'),
(735, 7, '2019-04-21', 'Chieu', 4000, 'F 13080001', 'F 13084000', 25, '17:23:51'),
(736, 12, '2019-04-21', 'Chieu', 4000, 'F 13040001', 'F 13044000', 25, '17:47:55'),
(737, 2, '2019-04-21', 'Chieu', 4000, 'F 13032001', 'F 13036000', 25, '17:52:45'),
(738, 9, '2019-04-21', 'Chieu', 4000, 'F 12976001', 'F 12980000', 25, '17:53:03'),
(739, 8, '2019-04-21', 'Chieu', 4000, 'F 13036001', 'F 13040000', 23, '18:22:10'),
(740, 1, '2019-04-21', 'Chieu', 4000, 'F 12972001', 'F 12976000', 23, '18:54:27'),
(741, 7, '2019-04-21', 'Chieu', 4000, 'F 12960001', 'F 12964000', 25, '19:18:25'),
(742, 14, '2019-04-21', 'Chieu', 4000, 'F 12984001', 'F 12988000', 25, '19:21:54'),
(743, 42, '2019-04-21', 'Chieu', 4000, 'F 12988001', 'F 12992000', 23, '20:19:36'),
(744, 13, '2019-04-21', 'Chieu', 4000, 'F 12992001', 'F 12996000', 23, '20:19:49'),
(745, 8, '2019-04-21', 'Chieu', 4000, 'F 13028001', 'F 13032000', 23, '20:30:53'),
(746, 2, '2019-04-21', 'Chieu', 4000, 'F 13024001', 'F 13028000', 25, '20:51:31'),
(747, 34, '2019-04-21', 'Chieu', 4000, 'F 13020001', 'F 13024000', 25, '21:00:42'),
(748, 5, '2019-04-21', 'Chieu', 4000, 'F 12968001', 'F 12972000', 23, '21:38:58');

-- --------------------------------------------------------

--
-- Structure de la table `dsmail`
--

CREATE TABLE IF NOT EXISTS `dsmail` (
`id` int(11) NOT NULL,
  `mail` varchar(30) NOT NULL,
  `mailgui` varchar(30) DEFAULT NULL,
  `passmailgui` varchar(30) DEFAULT NULL
) ENGINE=InnoDB AUTO_INCREMENT=2 DEFAULT CHARSET=utf8;

--
-- Contenu de la table `dsmail`
--

INSERT INTO `dsmail` (`id`, `mail`, `mailgui`, `passmailgui`) VALUES
(1, 'tinilongbien@tiniworld.com', 'ketoan00093@gmail.com', 'NAMnam123');

-- --------------------------------------------------------

--
-- Structure de la table `myseri`
--

CREATE TABLE IF NOT EXISTS `myseri` (
`id` int(11) NOT NULL,
  `idnhap` int(11) NOT NULL,
  `Startseri` varchar(15) NOT NULL,
  `Endseri` varchar(15) NOT NULL
) ENGINE=InnoDB AUTO_INCREMENT=622 DEFAULT CHARSET=utf8;

--
-- Contenu de la table `myseri`
--

INSERT INTO `myseri` (`id`, `idnhap`, `Startseri`, `Endseri`) VALUES
(564, 19, 'J 11588001', 'J 11592000'),
(572, 19, 'J 11620001', 'J 11624000'),
(579, 19, 'J 11648001', 'J 11652000'),
(588, 20, 'F 12964001', 'F 12968000'),
(592, 20, 'F 12980001', 'F 12984000'),
(597, 20, 'F 13000001', 'F 13004000'),
(598, 20, 'F 13004001', 'F 13008000'),
(599, 20, 'F 13008001', 'F 13012000'),
(600, 20, 'F 13012001', 'F 13016000'),
(601, 20, 'F 13016001', 'F 13020000'),
(611, 20, 'F 13056001', 'F 13060000'),
(614, 20, 'F 13068001', 'F 13072000'),
(618, 20, 'F 13084001', 'F 13088000'),
(621, 20, 'F 13096001', 'F 13100000');

-- --------------------------------------------------------

--
-- Structure de la table `nhap`
--

CREATE TABLE IF NOT EXISTS `nhap` (
`id` int(11) NOT NULL,
  `Ngaynhap` date NOT NULL,
  `Soluong` int(11) NOT NULL,
  `Startseri` varchar(15) NOT NULL,
  `Endseri` varchar(15) NOT NULL,
  `Nhanvien` int(2) NOT NULL
) ENGINE=InnoDB AUTO_INCREMENT=21 DEFAULT CHARSET=utf8;

--
-- Contenu de la table `nhap`
--

INSERT INTO `nhap` (`id`, `Ngaynhap`, `Soluong`, `Startseri`, `Endseri`, `Nhanvien`) VALUES
(1, '2019-03-12', 160000, 'I 14560001', 'I 14720000', 25),
(2, '2019-03-16', 160000, 'H 14720001', 'H 14880000', 25),
(3, '2019-03-17', 160000, 'A 15040001', 'A 15200000', 26),
(4, '2019-03-23', 160000, 'C 15040001', 'C 15200000', 25),
(5, '2019-03-24', 160000, 'E 14720001', 'E 14880000', 25),
(6, '2019-03-24', 160000, 'I 13760001', 'I 13920000', 23),
(7, '2019-03-30', 160000, 'F 13760001', 'F 13920000', 26),
(8, '2019-03-31', 160000, 'C 13120001', 'C 13280000', 25),
(9, '2019-04-03', 160000, 'B 13760001', 'B 13920000', 26),
(10, '2019-04-06', 160000, 'J 10400001', 'J 10560000', 26),
(11, '2019-04-07', 160000, 'A 12000001', 'A 12160000', 26),
(12, '2019-04-13', 160000, 'D 11520001', 'D 11680000', 26),
(13, '2019-04-14', 160000, 'B 14240001', 'B 14400000', 25),
(14, '2019-04-14', 160000, 'E 14240001', 'E 14400000', 26),
(17, '2019-04-15', 160000, 'I 13520001', 'I 13680000', 26),
(18, '2019-04-15', 160000, 'E 10800001', 'E 10960000', 26),
(19, '2019-04-19', 160000, 'J 11520001', 'J 11680000', 25),
(20, '2019-04-21', 160000, 'F 12960001', 'F 13120000', 26);

-- --------------------------------------------------------

--
-- Structure de la table `taikhoan`
--

CREATE TABLE IF NOT EXISTS `taikhoan` (
`id` int(11) NOT NULL,
  `tentaikhoan` varchar(30) NOT NULL,
  `tennhanvien` varchar(30) DEFAULT NULL,
  `matkhau` varchar(30) NOT NULL,
  `quyen` varchar(15) NOT NULL,
  `trungtam` varchar(30) DEFAULT NULL
) ENGINE=InnoDB AUTO_INCREMENT=28 DEFAULT CHARSET=utf8;

--
-- Contenu de la table `taikhoan`
--

INSERT INTO `taikhoan` (`id`, `tentaikhoan`, `tennhanvien`, `matkhau`, `quyen`, `trungtam`) VALUES
(22, 'admin', 'Admin', 'd3e585294f', 'admin', 'ALB'),
(23, 'Congnam', 'Nguyễn Công Nam', 'c4ca4238a0', 'tech', 'Alb Long Biên'),
(24, 'Nguyenhai', 'Nguyễn Văn Hải', 'c4ca4238a0', 'tech', 'Alb Long Biên'),
(25, 'Vunam', 'Vũ Văn Nam', 'c4ca4238a0', 'tech', 'Alb Long Biên'),
(26, 'Vanbinh', 'Nguyễn Văn Bình', 'c4ca4238a0', 'tech', 'Alb Long Biên'),
(27, 'Thao', 'Ngô Phương Thảo', 'c4ca4238a0', 'tech', 'Alb Long Biên');

-- --------------------------------------------------------

--
-- Structure de la table `tenmay`
--

CREATE TABLE IF NOT EXISTS `tenmay` (
`id` int(11) NOT NULL,
  `name` varchar(100) NOT NULL,
  `thutu` int(11) DEFAULT NULL
) ENGINE=InnoDB AUTO_INCREMENT=52 DEFAULT CHARSET=utf8;

--
-- Contenu de la table `tenmay`
--

INSERT INTO `tenmay` (`id`, `name`, `thutu`) VALUES
(1, 'BALL DROP1', 1),
(2, 'BALL DROP2', 2),
(5, 'DUO DRIVE', 3),
(6, 'DUO DRIVE 2', 4),
(7, 'LUCKY BALL', 5),
(8, 'PIRATES HOOK', 6),
(9, 'PIRATES HOOK 2', 7),
(10, 'SAFARI RANGER', 8),
(11, 'FROGGER', 9),
(12, 'TUBIN TWIST', 10),
(13, 'TUBIN TWIST 2', 11),
(14, 'TUBIN TWIST 3', 12),
(17, 'CYCL ONE', 13),
(18, 'ICEBALL FX', 14),
(19, 'ICEBALL FX 2', 15),
(20, 'ICEBALL FX 3', 16),
(21, 'PRIVATE BATTLE', 17),
(23, 'MEGA STACKER LITE', 19),
(24, 'NBA HOOPS', 20),
(25, 'NBA HOOPS 2', 21),
(26, 'DOWN THE CLOWN', 22),
(27, 'DOWN THE CLOWN 2', 23),
(28, 'PIRATES REVENGE', 24),
(29, 'Extrenne Basketball', 25),
(30, 'Extrenne Basketball 2', 26),
(31, 'Teken 6', 27),
(32, 'Mini Jetskiling', 28),
(33, 'FRUIT PEBELLION', 29),
(34, 'CAR RACING', 30),
(35, 'CANDY JUMPER', 31),
(36, 'Kiddie Xball', 32),
(37, 'Princess Castle', 33),
(38, 'Alien battle', 34),
(39, 'AILENS EXTERMINATION', 35),
(40, 'SEAGA DRIVE 1', 36),
(41, 'SEAGA DRIVE 2', 37),
(42, 'SPEED OF LIGHT', 38),
(43, 'NEON FM', 39),
(44, 'AIR FX', 40),
(45, 'Let s go jungle', 41),
(46, 'PACMAN JNR BASKETBALL ', 42),
(47, 'PACMAN JNR BASKETBALL 2', 43),
(48, 'HAPPY KANGAROO', 44),
(49, 'PUMP JUMP', 45),
(50, 'MEGA STACKER LITE 1', 18),
(51, 'SEAWAY SUBMARINE', 46);

-- --------------------------------------------------------

--
-- Structure de la table `tonkho`
--

CREATE TABLE IF NOT EXISTS `tonkho` (
`id` int(11) NOT NULL,
  `Ngayton` date NOT NULL,
  `Tondau` int(15) NOT NULL,
  `Toncuoi` int(15) NOT NULL,
  `Nhanvien` int(2) NOT NULL
) ENGINE=InnoDB AUTO_INCREMENT=43 DEFAULT CHARSET=utf8;

--
-- Contenu de la table `tonkho`
--

INSERT INTO `tonkho` (`id`, `Ngayton`, `Tondau`, `Toncuoi`, `Nhanvien`) VALUES
(6, '2019-03-12', 160000, 0, 25),
(7, '2019-03-13', 124000, 0, 0),
(8, '2019-03-14', 104000, 0, 25),
(9, '2019-03-15', 96000, 0, 26),
(10, '2019-03-16', 224000, 0, 25),
(11, '2019-03-17', 256000, 0, 26),
(12, '2019-03-18', 84000, 0, 26),
(13, '2019-03-19', 84000, 0, 0),
(14, '2019-03-20', 76000, 0, 26),
(15, '2019-03-21', 60000, 0, 0),
(16, '2019-03-22', 32000, 0, 26),
(17, '2019-03-23', 160000, 0, 0),
(18, '2019-03-24', 344000, 0, 25),
(19, '2019-03-26', 128000, 0, 23),
(20, '2019-03-27', 116000, 0, 26),
(21, '2019-03-28', 92000, 0, 27),
(22, '2019-03-29', 84000, 0, 26),
(23, '2019-03-30', 220000, 0, 23),
(24, '2019-03-31', 252000, 0, 26),
(25, '2019-04-01', 40000, 0, 26),
(26, '2019-04-03', 188000, 0, 24),
(27, '2019-04-04', 176000, 0, 25),
(28, '2019-04-05', 168000, 0, 26),
(29, '2019-04-06', 308000, 0, 25),
(30, '2019-04-07', 308000, 0, 25),
(31, '2019-04-08', 120000, 0, 24),
(32, '2019-04-10', 112000, 0, 26),
(33, '2019-04-11', 104000, 0, 25),
(34, '2019-04-12', 100000, 0, 24),
(35, '2019-04-13', 252000, 0, 24),
(36, '2019-04-14', 432000, 0, 23),
(37, '2019-04-15', 360000, 0, 25),
(38, '2019-04-17', 28000, 0, 26),
(39, '2019-04-18', 20000, 0, 25),
(40, '2019-04-19', 172000, 0, 25),
(41, '2019-04-20', 148000, 0, 25),
(42, '2019-04-21', 200000, 0, 26);

--
-- Index pour les tables exportées
--

--
-- Index pour la table `baocao`
--
ALTER TABLE `baocao`
 ADD PRIMARY KEY (`id`);

--
-- Index pour la table `dsmail`
--
ALTER TABLE `dsmail`
 ADD PRIMARY KEY (`id`);

--
-- Index pour la table `myseri`
--
ALTER TABLE `myseri`
 ADD PRIMARY KEY (`id`);

--
-- Index pour la table `nhap`
--
ALTER TABLE `nhap`
 ADD PRIMARY KEY (`id`);

--
-- Index pour la table `taikhoan`
--
ALTER TABLE `taikhoan`
 ADD PRIMARY KEY (`id`);

--
-- Index pour la table `tenmay`
--
ALTER TABLE `tenmay`
 ADD PRIMARY KEY (`id`);

--
-- Index pour la table `tonkho`
--
ALTER TABLE `tonkho`
 ADD PRIMARY KEY (`id`);

--
-- AUTO_INCREMENT pour les tables exportées
--

--
-- AUTO_INCREMENT pour la table `baocao`
--
ALTER TABLE `baocao`
MODIFY `id` int(11) NOT NULL AUTO_INCREMENT,AUTO_INCREMENT=749;
--
-- AUTO_INCREMENT pour la table `dsmail`
--
ALTER TABLE `dsmail`
MODIFY `id` int(11) NOT NULL AUTO_INCREMENT,AUTO_INCREMENT=2;
--
-- AUTO_INCREMENT pour la table `myseri`
--
ALTER TABLE `myseri`
MODIFY `id` int(11) NOT NULL AUTO_INCREMENT,AUTO_INCREMENT=622;
--
-- AUTO_INCREMENT pour la table `nhap`
--
ALTER TABLE `nhap`
MODIFY `id` int(11) NOT NULL AUTO_INCREMENT,AUTO_INCREMENT=21;
--
-- AUTO_INCREMENT pour la table `taikhoan`
--
ALTER TABLE `taikhoan`
MODIFY `id` int(11) NOT NULL AUTO_INCREMENT,AUTO_INCREMENT=28;
--
-- AUTO_INCREMENT pour la table `tenmay`
--
ALTER TABLE `tenmay`
MODIFY `id` int(11) NOT NULL AUTO_INCREMENT,AUTO_INCREMENT=52;
--
-- AUTO_INCREMENT pour la table `tonkho`
--
ALTER TABLE `tonkho`
MODIFY `id` int(11) NOT NULL AUTO_INCREMENT,AUTO_INCREMENT=43;
/*!40101 SET CHARACTER_SET_CLIENT=@OLD_CHARACTER_SET_CLIENT */;
/*!40101 SET CHARACTER_SET_RESULTS=@OLD_CHARACTER_SET_RESULTS */;
/*!40101 SET COLLATION_CONNECTION=@OLD_COLLATION_CONNECTION */;
